xValues,tValues,Solution
0,0,0
0.031746,0,0
0.0634921,0,0
0.0952381,0,0
0.126984,0,0
0.15873,0,0
0.190476,0,0
0.222222,0,0
0.253968,0,0
0.285714,0,0
0.31746,0,0
0.349206,0,0
0.380952,0,0
0.412698,0,0
0.444444,0,0
0.47619,0,0
0.507937,0,0
0.539683,0,0
0.571429,0,0
0.603175,0,0
0.634921,0,0
0.666667,0,0
0.698413,0,0
0.730159,0,0
0.761905,0,0
0.793651,0,0
0.825397,0,0
0.857143,0,0
0.888889,0,0
0.920635,0,0
0.952381,0,0
0.984127,0,0
1.01587,0,0
1.04762,0,0
1.07937,0,0
1.11111,0,0
1.14286,0,0
1.1746,0,0
1.20635,0,0
1.2381,0,0
1.26984,0,0
1.30159,0,0
1.33333,0,0
1.36508,0,0
1.39683,0,0
1.42857,0,0
1.46032,0,0
1.49206,0,0
1.52381,0,0
1.55556,0,0
1.5873,0,0
1.61905,0,0
1.65079,0,0
1.68254,0,0
1.71429,0,0
1.74603,0,0
1.77778,0,0
1.80952,0,0
1.84127,0,0
1.87302,0,0
1.90476,0,0
1.93651,0,0
1.96825,0,0
2,0,1.09516
0,0.031746,0
0.031746,0.031746,0
0.0634921,0.031746,0
0.0952381,0.031746,0
0.126984,0.031746,0
0.15873,0.031746,0
0.190476,0.031746,0
0.222222,0.031746,0
0.253968,0.031746,0
0.285714,0.031746,0
0.31746,0.031746,0
0.349206,0.031746,0
0.380952,0.031746,0
0.412698,0.031746,0
0.444444,0.031746,0
0.47619,0.031746,0
0.507937,0.031746,0
0.539683,0.031746,0
0.571429,0.031746,0
0.603175,0.031746,0
0.634921,0.031746,0
0.666667,0.031746,0
0.698413,0.031746,0
0.730159,0.031746,0
0.761905,0.031746,0
0.793651,0.031746,0
0.825397,0.031746,0
0.857143,0.031746,0
0.888889,0.031746,0
0.920635,0.031746,0
0.952381,0.031746,0
0.984127,0.031746,0.0100756
1.01587,0.031746,0.0273772
1.04762,0.031746,0.0492063
1.07937,0.031746,0.0809524
1.11111,0.031746,0.112698
1.14286,0.031746,0.144444
1.1746,0.031746,0.17619
1.20635,0.031746,0.207937
1.2381,0.031746,0.239683
1.26984,0.031746,0.271429
1.30159,0.031746,0.303175
1.33333,0.031746,0.334921
1.36508,0.031746,0.366667
1.39683,0.031746,0.398413
1.42857,0.031746,0.430159
1.46032,0.031746,0.461905
1.49206,0.031746,0.493651
1.52381,0.031746,0.525397
1.55556,0.031746,0.557143
1.5873,0.031746,0.588889
1.61905,0.031746,0.620635
1.65079,0.031746,0.652381
1.68254,0.031746,0.684127
1.71429,0.031746,0.715873
1.74603,0.031746,0.747619
1.77778,0.031746,0.779365
1.80952,0.031746,0.811111
1.84127,0.031746,0.842857
1.87302,0.031746,0.874603
1.90476,0.031746,0.906349
1.93651,0.031746,0.938095
1.96825,0.031746,0.969841
2,0.031746,1.09516
0,0.0634921,0
0.031746,0.0634921,0
0.0634921,0.0634921,0
0.0952381,0.0634921,0
0.126984,0.0634921,0
0.15873,0.0634921,0
0.190476,0.0634921,0
0.222222,0.0634921,0
0.253968,0.0634921,0
0.285714,0.0634921,0
0.31746,0.0634921,0
0.349206,0.0634921,0
0.380952,0.0634921,0
0.412698,0.0634921,0
0.444444,0.0634921,0
0.47619,0.0634921,0
0.507937,0.0634921,0
0.539683,0.0634921,0
0.571429,0.0634921,0
0.603175,0.0634921,0
0.634921,0.0634921,0
0.666667,0.0634921,0
0.698413,0.0634921,0
0.730159,0.0634921,0
0.761905,0.0634921,0
0.793651,0.0634921,0
0.825397,0.0634921,0
0.857143,0.0634921,0
0.888889,0.0634921,0
0.920635,0.0634921,0
0.952381,0.0634921,0
0.984127,0.0634921,0.0100756
1.01587,0.0634921,0.0273772
1.04762,0.0634921,0.0492063
1.07937,0.0634921,0.0809524
1.11111,0.0634921,0.112698
1.14286,0.0634921,0.144444
1.1746,0.0634921,0.17619
1.20635,0.0634921,0.207937
1.2381,0.0634921,0.239683
1.26984,0.0634921,0.271429
1.30159,0.0634921,0.303175
1.33333,0.0634921,0.334921
1.36508,0.0634921,0.366667
1.39683,0.0634921,0.398413
1.42857,0.0634921,0.430159
1.46032,0.0634921,0.461905
1.49206,0.0634921,0.493651
1.52381,0.0634921,0.525397
1.55556,0.0634921,0.557143
1.5873,0.0634921,0.588889
1.61905,0.0634921,0.620635
1.65079,0.0634921,0.652381
1.68254,0.0634921,0.684127
1.71429,0.0634921,0.715873
1.74603,0.0634921,0.747619
1.77778,0.0634921,0.779365
1.80952,0.0634921,0.811111
1.84127,0.0634921,0.842857
1.87302,0.0634921,0.874603
1.90476,0.0634921,0.906349
1.93651,0.0634921,0.938095
1.96825,0.0634921,0.969841
2,0.0634921,1.09516
0,0.0952381,0
0.031746,0.0952381,0
0.0634921,0.0952381,0
0.0952381,0.0952381,0
0.126984,0.0952381,0
0.15873,0.0952381,0
0.190476,0.0952381,0
0.222222,0.0952381,0
0.253968,0.0952381,0
0.285714,0.0952381,0
0.31746,0.0952381,0
0.349206,0.0952381,0
0.380952,0.0952381,0
0.412698,0.0952381,0
0.444444,0.0952381,0
0.47619,0.0952381,0
0.507937,0.0952381,0
0.539683,0.0952381,0
0.571429,0.0952381,0
0.603175,0.0952381,0
0.634921,0.0952381,0
0.666667,0.0952381,0
0.698413,0.0952381,0
0.730159,0.0952381,0
0.761905,0.0952381,0
0.793651,0.0952381,0
0.825397,0.0952381,0
0.857143,0.0952381,0
0.888889,0.0952381,0
0.920635,0.0952381,0
0.952381,0.0952381,0
0.984127,0.0952381,0.0100756
1.01587,0.0952381,0.0273772
1.04762,0.0952381,0.0492063
1.07937,0.0952381,0.0809524
1.11111,0.0952381,0.112698
1.14286,0.0952381,0.144444
1.1746,0.0952381,0.17619
1.20635,0.0952381,0.207937
1.2381,0.0952381,0.239683
1.26984,0.0952381,0.271429
1.30159,0.0952381,0.303175
1.33333,0.0952381,0.334921
1.36508,0.0952381,0.366667
1.39683,0.0952381,0.398413
1.42857,0.0952381,0.430159
1.46032,0.0952381,0.461905
1.49206,0.0952381,0.493651
1.52381,0.0952381,0.525397
1.55556,0.0952381,0.557143
1.5873,0.0952381,0.588889
1.61905,0.0952381,0.620635
1.65079,0.0952381,0.652381
1.68254,0.0952381,0.684127
1.71429,0.0952381,0.715873
1.74603,0.0952381,0.747619
1.77778,0.0952381,0.779365
1.80952,0.0952381,0.811111
1.84127,0.0952381,0.842857
1.87302,0.0952381,0.874603
1.90476,0.0952381,0.906349
1.93651,0.0952381,0.938095
1.96825,0.0952381,0.969841
2,0.0952381,1.09516
0,0.126984,0
0.031746,0.126984,0
0.0634921,0.126984,0
0.0952381,0.126984,0
0.126984,0.126984,0
0.15873,0.126984,0
0.190476,0.126984,0
0.222222,0.126984,0
0.253968,0.126984,0
0.285714,0.126984,0
0.31746,0.126984,0
0.349206,0.126984,0
0.380952,0.126984,0
0.412698,0.126984,0
0.444444,0.126984,0
0.47619,0.126984,0
0.507937,0.126984,0
0.539683,0.126984,0
0.571429,0.126984,0
0.603175,0.126984,0
0.634921,0.126984,0
0.666667,0.126984,0
0.698413,0.126984,0
0.730159,0.126984,0
0.761905,0.126984,0
0.793651,0.126984,0
0.825397,0.126984,0
0.857143,0.126984,0
0.888889,0.126984,0
0.920635,0.126984,0
0.952381,0.126984,0
0.984127,0.126984,0.0100756
1.01587,0.126984,0.0273772
1.04762,0.126984,0.0492063
1.07937,0.126984,0.0809524
1.11111,0.126984,0.112698
1.14286,0.126984,0.144444
1.1746,0.126984,0.17619
1.20635,0.126984,0.207937
1.2381,0.126984,0.239683
1.26984,0.126984,0.271429
1.30159,0.126984,0.303175
1.33333,0.126984,0.334921
1.36508,0.126984,0.366667
1.39683,0.126984,0.398413
1.42857,0.126984,0.430159
1.46032,0.126984,0.461905
1.49206,0.126984,0.493651
1.52381,0.126984,0.525397
1.55556,0.126984,0.557143
1.5873,0.126984,0.588889
1.61905,0.126984,0.620635
1.65079,0.126984,0.652381
1.68254,0.126984,0.684127
1.71429,0.126984,0.715873
1.74603,0.126984,0.747619
1.77778,0.126984,0.779365
1.80952,0.126984,0.811111
1.84127,0.126984,0.842857
1.87302,0.126984,0.874603
1.90476,0.126984,0.906349
1.93651,0.126984,0.938095
1.96825,0.126984,0.969841
2,0.126984,1.09516
0,0.15873,0
0.031746,0.15873,0
0.0634921,0.15873,0
0.0952381,0.15873,0
0.126984,0.15873,0
0.15873,0.15873,0
0.190476,0.15873,0
0.222222,0.15873,0
0.253968,0.15873,0
0.285714,0.15873,0
0.31746,0.15873,0
0.349206,0.15873,0
0.380952,0.15873,0
0.412698,0.15873,0
0.444444,0.15873,0
0.47619,0.15873,0
0.507937,0.15873,0
0.539683,0.15873,0
0.571429,0.15873,0
0.603175,0.15873,0
0.634921,0.15873,0
0.666667,0.15873,0
0.698413,0.15873,0
0.730159,0.15873,0
0.761905,0.15873,0
0.793651,0.15873,0
0.825397,0.15873,0
0.857143,0.15873,0
0.888889,0.15873,0
0.920635,0.15873,0
0.952381,0.15873,0
0.984127,0.15873,0.0100756
1.01587,0.15873,0.0273772
1.04762,0.15873,0.0492063
1.07937,0.15873,0.0809524
1.11111,0.15873,0.112698
1.14286,0.15873,0.144444
1.1746,0.15873,0.17619
1.20635,0.15873,0.207937
1.2381,0.15873,0.239683
1.26984,0.15873,0.271429
1.30159,0.15873,0.303175
1.33333,0.15873,0.334921
1.36508,0.15873,0.366667
1.39683,0.15873,0.398413
1.42857,0.15873,0.430159
1.46032,0.15873,0.461905
1.49206,0.15873,0.493651
1.52381,0.15873,0.525397
1.55556,0.15873,0.557143
1.5873,0.15873,0.588889
1.61905,0.15873,0.620635
1.65079,0.15873,0.652381
1.68254,0.15873,0.684127
1.71429,0.15873,0.715873
1.74603,0.15873,0.747619
1.77778,0.15873,0.779365
1.80952,0.15873,0.811111
1.84127,0.15873,0.842857
1.87302,0.15873,0.874603
1.90476,0.15873,0.906349
1.93651,0.15873,0.938095
1.96825,0.15873,0.969841
2,0.15873,1.09516
0,0.190476,0
0.031746,0.190476,0
0.0634921,0.190476,0
0.0952381,0.190476,0
0.126984,0.190476,0
0.15873,0.190476,0
0.190476,0.190476,0
0.222222,0.190476,0
0.253968,0.190476,0
0.285714,0.190476,0
0.31746,0.190476,0
0.349206,0.190476,0
0.380952,0.190476,0
0.412698,0.190476,0
0.444444,0.190476,0
0.47619,0.190476,0
0.507937,0.190476,0
0.539683,0.190476,0
0.571429,0.190476,0
0.603175,0.190476,0
0.634921,0.190476,0
0.666667,0.190476,0
0.698413,0.190476,0
0.730159,0.190476,0
0.761905,0.190476,0
0.793651,0.190476,0
0.825397,0.190476,0
0.857143,0.190476,0
0.888889,0.190476,0
0.920635,0.190476,0
0.952381,0.190476,0
0.984127,0.190476,0.0100756
1.01587,0.190476,0.0273772
1.04762,0.190476,0.0492063
1.07937,0.190476,0.0809524
1.11111,0.190476,0.112698
1.14286,0.190476,0.144444
1.1746,0.190476,0.17619
1.20635,0.190476,0.207937
1.2381,0.190476,0.239683
1.26984,0.190476,0.271429
1.30159,0.190476,0.303175
1.33333,0.190476,0.334921
1.36508,0.190476,0.366667
1.39683,0.190476,0.398413
1.42857,0.190476,0.430159
1.46032,0.190476,0.461905
1.49206,0.190476,0.493651
1.52381,0.190476,0.525397
1.55556,0.190476,0.557143
1.5873,0.190476,0.588889
1.61905,0.190476,0.620635
1.65079,0.190476,0.652381
1.68254,0.190476,0.684127
1.71429,0.190476,0.715873
1.74603,0.190476,0.747619
1.77778,0.190476,0.779365
1.80952,0.190476,0.811111
1.84127,0.190476,0.842857
1.87302,0.190476,0.874603
1.90476,0.190476,0.906349
1.93651,0.190476,0.938095
1.96825,0.190476,0.969841
2,0.190476,1.09516
0,0.222222,0
0.031746,0.222222,0
0.0634921,0.222222,0
0.0952381,0.222222,0
0.126984,0.222222,0
0.15873,0.222222,0
0.190476,0.222222,0
0.222222,0.222222,0
0.253968,0.222222,0
0.285714,0.222222,0
0.31746,0.222222,0
0.349206,0.222222,0
0.380952,0.222222,0
0.412698,0.222222,0
0.444444,0.222222,0
0.47619,0.222222,0
0.507937,0.222222,0
0.539683,0.222222,0
0.571429,0.222222,0
0.603175,0.222222,0
0.634921,0.222222,0
0.666667,0.222222,0
0.698413,0.222222,0
0.730159,0.222222,0
0.761905,0.222222,0
0.793651,0.222222,0
0.825397,0.222222,0
0.857143,0.222222,0
0.888889,0.222222,0
0.920635,0.222222,0
0.952381,0.222222,0
0.984127,0.222222,0.0100756
1.01587,0.222222,0.0273772
1.04762,0.222222,0.0492063
1.07937,0.222222,0.0809524
1.11111,0.222222,0.112698
1.14286,0.222222,0.144444
1.1746,0.222222,0.17619
1.20635,0.222222,0.207937
1.2381,0.222222,0.239683
1.26984,0.222222,0.271429
1.30159,0.222222,0.303175
1.33333,0.222222,0.334921
1.36508,0.222222,0.366667
1.39683,0.222222,0.398413
1.42857,0.222222,0.430159
1.46032,0.222222,0.461905
1.49206,0.222222,0.493651
1.52381,0.222222,0.525397
1.55556,0.222222,0.557143
1.5873,0.222222,0.588889
1.61905,0.222222,0.620635
1.65079,0.222222,0.652381
1.68254,0.222222,0.684127
1.71429,0.222222,0.715873
1.74603,0.222222,0.747619
1.77778,0.222222,0.779365
1.80952,0.222222,0.811111
1.84127,0.222222,0.842857
1.87302,0.222222,0.874603
1.90476,0.222222,0.906349
1.93651,0.222222,0.938095
1.96825,0.222222,0.969841
2,0.222222,1.09516
0,0.253968,0
0.031746,0.253968,0
0.0634921,0.253968,0
0.0952381,0.253968,0
0.126984,0.253968,0
0.15873,0.253968,0
0.190476,0.253968,0
0.222222,0.253968,0
0.253968,0.253968,0
0.285714,0.253968,0
0.31746,0.253968,0
0.349206,0.253968,0
0.380952,0.253968,0
0.412698,0.253968,0
0.444444,0.253968,0
0.47619,0.253968,0
0.507937,0.253968,0
0.539683,0.253968,0
0.571429,0.253968,0
0.603175,0.253968,0
0.634921,0.253968,0
0.666667,0.253968,0
0.698413,0.253968,0
0.730159,0.253968,0
0.761905,0.253968,0
0.793651,0.253968,0
0.825397,0.253968,0
0.857143,0.253968,0
0.888889,0.253968,0
0.920635,0.253968,0
0.952381,0.253968,0
0.984127,0.253968,0.0100756
1.01587,0.253968,0.0273772
1.04762,0.253968,0.0492063
1.07937,0.253968,0.0809524
1.11111,0.253968,0.112698
1.14286,0.253968,0.144444
1.1746,0.253968,0.17619
1.20635,0.253968,0.207937
1.2381,0.253968,0.239683
1.26984,0.253968,0.271429
1.30159,0.253968,0.303175
1.33333,0.253968,0.334921
1.36508,0.253968,0.366667
1.39683,0.253968,0.398413
1.42857,0.253968,0.430159
1.46032,0.253968,0.461905
1.49206,0.253968,0.493651
1.52381,0.253968,0.525397
1.55556,0.253968,0.557143
1.5873,0.253968,0.588889
1.61905,0.253968,0.620635
1.65079,0.253968,0.652381
1.68254,0.253968,0.684127
1.71429,0.253968,0.715873
1.74603,0.253968,0.747619
1.77778,0.253968,0.779365
1.80952,0.253968,0.811111
1.84127,0.253968,0.842857
1.87302,0.253968,0.874603
1.90476,0.253968,0.906349
1.93651,0.253968,0.938095
1.96825,0.253968,0.969841
2,0.253968,1.09516
0,0.285714,0
0.031746,0.285714,0
0.0634921,0.285714,0
0.0952381,0.285714,0
0.126984,0.285714,0
0.15873,0.285714,0
0.190476,0.285714,0
0.222222,0.285714,0
0.253968,0.285714,0
0.285714,0.285714,0
0.31746,0.285714,0
0.349206,0.285714,0
0.380952,0.285714,0
0.412698,0.285714,0
0.444444,0.285714,0
0.47619,0.285714,0
0.507937,0.285714,0
0.539683,0.285714,0
0.571429,0.285714,0
0.603175,0.285714,0
0.634921,0.285714,0
0.666667,0.285714,0
0.698413,0.285714,0
0.730159,0.285714,0
0.761905,0.285714,0
0.793651,0.285714,0
0.825397,0.285714,0
0.857143,0.285714,0
0.888889,0.285714,0
0.920635,0.285714,0
0.952381,0.285714,0
0.984127,0.285714,0.0100756
1.01587,0.285714,0.0273772
1.04762,0.285714,0.0492063
1.07937,0.285714,0.0809524
1.11111,0.285714,0.112698
1.14286,0.285714,0.144444
1.1746,0.285714,0.17619
1.20635,0.285714,0.207937
1.2381,0.285714,0.239683
1.26984,0.285714,0.271429
1.30159,0.285714,0.303175
1.33333,0.285714,0.334921
1.36508,0.285714,0.366667
1.39683,0.285714,0.398413
1.42857,0.285714,0.430159
1.46032,0.285714,0.461905
1.49206,0.285714,0.493651
1.52381,0.285714,0.525397
1.55556,0.285714,0.557143
1.5873,0.285714,0.588889
1.61905,0.285714,0.620635
1.65079,0.285714,0.652381
1.68254,0.285714,0.684127
1.71429,0.285714,0.715873
1.74603,0.285714,0.747619
1.77778,0.285714,0.779365
1.80952,0.285714,0.811111
1.84127,0.285714,0.842857
1.87302,0.285714,0.874603
1.90476,0.285714,0.906349
1.93651,0.285714,0.938095
1.96825,0.285714,0.969841
2,0.285714,1.09516
0,0.31746,0
0.031746,0.31746,0
0.0634921,0.31746,0
0.0952381,0.31746,0
0.126984,0.31746,0
0.15873,0.31746,0
0.190476,0.31746,0
0.222222,0.31746,0
0.253968,0.31746,0
0.285714,0.31746,0
0.31746,0.31746,0
0.349206,0.31746,0
0.380952,0.31746,0
0.412698,0.31746,0
0.444444,0.31746,0
0.47619,0.31746,0
0.507937,0.31746,0
0.539683,0.31746,0
0.571429,0.31746,0
0.603175,0.31746,0
0.634921,0.31746,0
0.666667,0.31746,0
0.698413,0.31746,0
0.730159,0.31746,0
0.761905,0.31746,0
0.793651,0.31746,0
0.825397,0.31746,0
0.857143,0.31746,0
0.888889,0.31746,0
0.920635,0.31746,0
0.952381,0.31746,0
0.984127,0.31746,0.0100756
1.01587,0.31746,0.0273772
1.04762,0.31746,0.0492063
1.07937,0.31746,0.0809524
1.11111,0.31746,0.112698
1.14286,0.31746,0.144444
1.1746,0.31746,0.17619
1.20635,0.31746,0.207937
1.2381,0.31746,0.239683
1.26984,0.31746,0.271429
1.30159,0.31746,0.303175
1.33333,0.31746,0.334921
1.36508,0.31746,0.366667
1.39683,0.31746,0.398413
1.42857,0.31746,0.430159
1.46032,0.31746,0.461905
1.49206,0.31746,0.493651
1.52381,0.31746,0.525397
1.55556,0.31746,0.557143
1.5873,0.31746,0.588889
1.61905,0.31746,0.620635
1.65079,0.31746,0.652381
1.68254,0.31746,0.684127
1.71429,0.31746,0.715873
1.74603,0.31746,0.747619
1.77778,0.31746,0.779365
1.80952,0.31746,0.811111
1.84127,0.31746,0.842857
1.87302,0.31746,0.874603
1.90476,0.31746,0.906349
1.93651,0.31746,0.938095
1.96825,0.31746,0.969841
2,0.31746,1.09516
0,0.349206,0
0.031746,0.349206,0
0.0634921,0.349206,0
0.0952381,0.349206,0
0.126984,0.349206,0
0.15873,0.349206,0
0.190476,0.349206,0
0.222222,0.349206,0
0.253968,0.349206,0
0.285714,0.349206,0
0.31746,0.349206,0
0.349206,0.349206,0
0.380952,0.349206,0
0.412698,0.349206,0
0.444444,0.349206,0
0.47619,0.349206,0
0.507937,0.349206,0
0.539683,0.349206,0
0.571429,0.349206,0
0.603175,0.349206,0
0.634921,0.349206,0
0.666667,0.349206,0
0.698413,0.349206,0
0.730159,0.349206,0
0.761905,0.349206,0
0.793651,0.349206,0
0.825397,0.349206,0
0.857143,0.349206,0
0.888889,0.349206,0
0.920635,0.349206,0
0.952381,0.349206,0
0.984127,0.349206,0.0100756
1.01587,0.349206,0.0273772
1.04762,0.349206,0.0492063
1.07937,0.349206,0.0809524
1.11111,0.349206,0.112698
1.14286,0.349206,0.144444
1.1746,0.349206,0.17619
1.20635,0.349206,0.207937
1.2381,0.349206,0.239683
1.26984,0.349206,0.271429
1.30159,0.349206,0.303175
1.33333,0.349206,0.334921
1.36508,0.349206,0.366667
1.39683,0.349206,0.398413
1.42857,0.349206,0.430159
1.46032,0.349206,0.461905
1.49206,0.349206,0.493651
1.52381,0.349206,0.525397
1.55556,0.349206,0.557143
1.5873,0.349206,0.588889
1.61905,0.349206,0.620635
1.65079,0.349206,0.652381
1.68254,0.349206,0.684127
1.71429,0.349206,0.715873
1.74603,0.349206,0.747619
1.77778,0.349206,0.779365
1.80952,0.349206,0.811111
1.84127,0.349206,0.842857
1.87302,0.349206,0.874603
1.90476,0.349206,0.906349
1.93651,0.349206,0.938095
1.96825,0.349206,0.969841
2,0.349206,1.09516
0,0.380952,0
0.031746,0.380952,0
0.0634921,0.380952,0
0.0952381,0.380952,0
0.126984,0.380952,0
0.15873,0.380952,0
0.190476,0.380952,0
0.222222,0.380952,0
0.253968,0.380952,0
0.285714,0.380952,0
0.31746,0.380952,0
0.349206,0.380952,0
0.380952,0.380952,0
0.412698,0.380952,0
0.444444,0.380952,0
0.47619,0.380952,0
0.507937,0.380952,0
0.539683,0.380952,0
0.571429,0.380952,0
0.603175,0.380952,0
0.634921,0.380952,0
0.666667,0.380952,0
0.698413,0.380952,0
0.730159,0.380952,0
0.761905,0.380952,0
0.793651,0.380952,0
0.825397,0.380952,0
0.857143,0.380952,0
0.888889,0.380952,0
0.920635,0.380952,0
0.952381,0.380952,0
0.984127,0.380952,0.0100756
1.01587,0.380952,0.0273772
1.04762,0.380952,0.0492063
1.07937,0.380952,0.0809524
1.11111,0.380952,0.112698
1.14286,0.380952,0.144444
1.1746,0.380952,0.17619
1.20635,0.380952,0.207937
1.2381,0.380952,0.239683
1.26984,0.380952,0.271429
1.30159,0.380952,0.303175
1.33333,0.380952,0.334921
1.36508,0.380952,0.366667
1.39683,0.380952,0.398413
1.42857,0.380952,0.430159
1.46032,0.380952,0.461905
1.49206,0.380952,0.493651
1.52381,0.380952,0.525397
1.55556,0.380952,0.557143
1.5873,0.380952,0.588889
1.61905,0.380952,0.620635
1.65079,0.380952,0.652381
1.68254,0.380952,0.684127
1.71429,0.380952,0.715873
1.74603,0.380952,0.747619
1.77778,0.380952,0.779365
1.80952,0.380952,0.811111
1.84127,0.380952,0.842857
1.87302,0.380952,0.874603
1.90476,0.380952,0.906349
1.93651,0.380952,0.938095
1.96825,0.380952,0.969841
2,0.380952,1.09516
0,0.412698,0
0.031746,0.412698,0
0.0634921,0.412698,0
0.0952381,0.412698,0
0.126984,0.412698,0
0.15873,0.412698,0
0.190476,0.412698,0
0.222222,0.412698,0
0.253968,0.412698,0
0.285714,0.412698,0
0.31746,0.412698,0
0.349206,0.412698,0
0.380952,0.412698,0
0.412698,0.412698,0
0.444444,0.412698,0
0.47619,0.412698,0
0.507937,0.412698,0
0.539683,0.412698,0
0.571429,0.412698,0
0.603175,0.412698,0
0.634921,0.412698,0
0.666667,0.412698,0
0.698413,0.412698,0
0.730159,0.412698,0
0.761905,0.412698,0
0.793651,0.412698,0
0.825397,0.412698,0
0.857143,0.412698,0
0.888889,0.412698,0
0.920635,0.412698,0
0.952381,0.412698,0
0.984127,0.412698,0.0100756
1.01587,0.412698,0.0273772
1.04762,0.412698,0.0492063
1.07937,0.412698,0.0809524
1.11111,0.412698,0.112698
1.14286,0.412698,0.144444
1.1746,0.412698,0.17619
1.20635,0.412698,0.207937
1.2381,0.412698,0.239683
1.26984,0.412698,0.271429
1.30159,0.412698,0.303175
1.33333,0.412698,0.334921
1.36508,0.412698,0.366667
1.39683,0.412698,0.398413
1.42857,0.412698,0.430159
1.46032,0.412698,0.461905
1.49206,0.412698,0.493651
1.52381,0.412698,0.525397
1.55556,0.412698,0.557143
1.5873,0.412698,0.588889
1.61905,0.412698,0.620635
1.65079,0.412698,0.652381
1.68254,0.412698,0.684127
1.71429,0.412698,0.715873
1.74603,0.412698,0.747619
1.77778,0.412698,0.779365
1.80952,0.412698,0.811111
1.84127,0.412698,0.842857
1.87302,0.412698,0.874603
1.90476,0.412698,0.906349
1.93651,0.412698,0.938095
1.96825,0.412698,0.969841
2,0.412698,1.09516
0,0.444444,0
0.031746,0.444444,0
0.0634921,0.444444,0
0.0952381,0.444444,0
0.126984,0.444444,0
0.15873,0.444444,0
0.190476,0.444444,0
0.222222,0.444444,0
0.253968,0.444444,0
0.285714,0.444444,0
0.31746,0.444444,0
0.349206,0.444444,0
0.380952,0.444444,0
0.412698,0.444444,0
0.444444,0.444444,0
0.47619,0.444444,0
0.507937,0.444444,0
0.539683,0.444444,0
0.571429,0.444444,0
0.603175,0.444444,0
0.634921,0.444444,0
0.666667,0.444444,0
0.698413,0.444444,0
0.730159,0.444444,0
0.761905,0.444444,0
0.793651,0.444444,0
0.825397,0.444444,0
0.857143,0.444444,0
0.888889,0.444444,0
0.920635,0.444444,0
0.952381,0.444444,0
0.984127,0.444444,0.0100756
1.01587,0.444444,0.0273772
1.04762,0.444444,0.0492063
1.07937,0.444444,0.0809524
1.11111,0.444444,0.112698
1.14286,0.444444,0.144444
1.1746,0.444444,0.17619
1.20635,0.444444,0.207937
1.2381,0.444444,0.239683
1.26984,0.444444,0.271429
1.30159,0.444444,0.303175
1.33333,0.444444,0.334921
1.36508,0.444444,0.366667
1.39683,0.444444,0.398413
1.42857,0.444444,0.430159
1.46032,0.444444,0.461905
1.49206,0.444444,0.493651
1.52381,0.444444,0.525397
1.55556,0.444444,0.557143
1.5873,0.444444,0.588889
1.61905,0.444444,0.620635
1.65079,0.444444,0.652381
1.68254,0.444444,0.684127
1.71429,0.444444,0.715873
1.74603,0.444444,0.747619
1.77778,0.444444,0.779365
1.80952,0.444444,0.811111
1.84127,0.444444,0.842857
1.87302,0.444444,0.874603
1.90476,0.444444,0.906349
1.93651,0.444444,0.938095
1.96825,0.444444,0.969841
2,0.444444,1.09516
0,0.47619,0
0.031746,0.47619,0
0.0634921,0.47619,0
0.0952381,0.47619,0
0.126984,0.47619,0
0.15873,0.47619,0
0.190476,0.47619,0
0.222222,0.47619,0
0.253968,0.47619,0
0.285714,0.47619,0
0.31746,0.47619,0
0.349206,0.47619,0
0.380952,0.47619,0
0.412698,0.47619,0
0.444444,0.47619,0
0.47619,0.47619,0
0.507937,0.47619,0
0.539683,0.47619,0
0.571429,0.47619,0
0.603175,0.47619,0
0.634921,0.47619,0
0.666667,0.47619,0
0.698413,0.47619,0
0.730159,0.47619,0
0.761905,0.47619,0
0.793651,0.47619,0
0.825397,0.47619,0
0.857143,0.47619,0
0.888889,0.47619,0
0.920635,0.47619,0
0.952381,0.47619,0
0.984127,0.47619,0.0100756
1.01587,0.47619,0.0273772
1.04762,0.47619,0.0492063
1.07937,0.47619,0.0809524
1.11111,0.47619,0.112698
1.14286,0.47619,0.144444
1.1746,0.47619,0.17619
1.20635,0.47619,0.207937
1.2381,0.47619,0.239683
1.26984,0.47619,0.271429
1.30159,0.47619,0.303175
1.33333,0.47619,0.334921
1.36508,0.47619,0.366667
1.39683,0.47619,0.398413
1.42857,0.47619,0.430159
1.46032,0.47619,0.461905
1.49206,0.47619,0.493651
1.52381,0.47619,0.525397
1.55556,0.47619,0.557143
1.5873,0.47619,0.588889
1.61905,0.47619,0.620635
1.65079,0.47619,0.652381
1.68254,0.47619,0.684127
1.71429,0.47619,0.715873
1.74603,0.47619,0.747619
1.77778,0.47619,0.779365
1.80952,0.47619,0.811111
1.84127,0.47619,0.842857
1.87302,0.47619,0.874603
1.90476,0.47619,0.906349
1.93651,0.47619,0.938095
1.96825,0.47619,0.969841
2,0.47619,1.09516
0,0.507937,0
0.031746,0.507937,0
0.0634921,0.507937,0
0.0952381,0.507937,0
0.126984,0.507937,0
0.15873,0.507937,0
0.190476,0.507937,0
0.222222,0.507937,0
0.253968,0.507937,0
0.285714,0.507937,0
0.31746,0.507937,0
0.349206,0.507937,0
0.380952,0.507937,0
0.412698,0.507937,0
0.444444,0.507937,0
0.47619,0.507937,0
0.507937,0.507937,0
0.539683,0.507937,0
0.571429,0.507937,0
0.603175,0.507937,0
0.634921,0.507937,0
0.666667,0.507937,0
0.698413,0.507937,0
0.730159,0.507937,0
0.761905,0.507937,0
0.793651,0.507937,0
0.825397,0.507937,0
0.857143,0.507937,0
0.888889,0.507937,0
0.920635,0.507937,0
0.952381,0.507937,0
0.984127,0.507937,0.0100756
1.01587,0.507937,0.0273772
1.04762,0.507937,0.0492063
1.07937,0.507937,0.0809524
1.11111,0.507937,0.112698
1.14286,0.507937,0.144444
1.1746,0.507937,0.17619
1.20635,0.507937,0.207937
1.2381,0.507937,0.239683
1.26984,0.507937,0.271429
1.30159,0.507937,0.303175
1.33333,0.507937,0.334921
1.36508,0.507937,0.366667
1.39683,0.507937,0.398413
1.42857,0.507937,0.430159
1.46032,0.507937,0.461905
1.49206,0.507937,0.493651
1.52381,0.507937,0.525397
1.55556,0.507937,0.557143
1.5873,0.507937,0.588889
1.61905,0.507937,0.620635
1.65079,0.507937,0.652381
1.68254,0.507937,0.684127
1.71429,0.507937,0.715873
1.74603,0.507937,0.747619
1.77778,0.507937,0.779365
1.80952,0.507937,0.811111
1.84127,0.507937,0.842857
1.87302,0.507937,0.874603
1.90476,0.507937,0.906349
1.93651,0.507937,0.938095
1.96825,0.507937,0.969841
2,0.507937,1.09516
0,0.539683,0
0.031746,0.539683,0
0.0634921,0.539683,0
0.0952381,0.539683,0
0.126984,0.539683,0
0.15873,0.539683,0
0.190476,0.539683,0
0.222222,0.539683,0
0.253968,0.539683,0
0.285714,0.539683,0
0.31746,0.539683,0
0.349206,0.539683,0
0.380952,0.539683,0
0.412698,0.539683,0
0.444444,0.539683,0
0.47619,0.539683,0
0.507937,0.539683,0
0.539683,0.539683,0
0.571429,0.539683,0
0.603175,0.539683,0
0.634921,0.539683,0
0.666667,0.539683,0
0.698413,0.539683,0
0.730159,0.539683,0
0.761905,0.539683,0
0.793651,0.539683,0
0.825397,0.539683,0
0.857143,0.539683,0
0.888889,0.539683,0
0.920635,0.539683,0
0.952381,0.539683,0
0.984127,0.539683,0.0100756
1.01587,0.539683,0.0273772
1.04762,0.539683,0.0492063
1.07937,0.539683,0.0809524
1.11111,0.539683,0.112698
1.14286,0.539683,0.144444
1.1746,0.539683,0.17619
1.20635,0.539683,0.207937
1.2381,0.539683,0.239683
1.26984,0.539683,0.271429
1.30159,0.539683,0.303175
1.33333,0.539683,0.334921
1.36508,0.539683,0.366667
1.39683,0.539683,0.398413
1.42857,0.539683,0.430159
1.46032,0.539683,0.461905
1.49206,0.539683,0.493651
1.52381,0.539683,0.525397
1.55556,0.539683,0.557143
1.5873,0.539683,0.588889
1.61905,0.539683,0.620635
1.65079,0.539683,0.652381
1.68254,0.539683,0.684127
1.71429,0.539683,0.715873
1.74603,0.539683,0.747619
1.77778,0.539683,0.779365
1.80952,0.539683,0.811111
1.84127,0.539683,0.842857
1.87302,0.539683,0.874603
1.90476,0.539683,0.906349
1.93651,0.539683,0.938095
1.96825,0.539683,0.969841
2,0.539683,1.09516
0,0.571429,0
0.031746,0.571429,0
0.0634921,0.571429,0
0.0952381,0.571429,0
0.126984,0.571429,0
0.15873,0.571429,0
0.190476,0.571429,0
0.222222,0.571429,0
0.253968,0.571429,0
0.285714,0.571429,0
0.31746,0.571429,0
0.349206,0.571429,0
0.380952,0.571429,0
0.412698,0.571429,0
0.444444,0.571429,0
0.47619,0.571429,0
0.507937,0.571429,0
0.539683,0.571429,0
0.571429,0.571429,0
0.603175,0.571429,0
0.634921,0.571429,0
0.666667,0.571429,0
0.698413,0.571429,0
0.730159,0.571429,0
0.761905,0.571429,0
0.793651,0.571429,0
0.825397,0.571429,0
0.857143,0.571429,0
0.888889,0.571429,0
0.920635,0.571429,0
0.952381,0.571429,0
0.984127,0.571429,0.0100756
1.01587,0.571429,0.0273772
1.04762,0.571429,0.0492063
1.07937,0.571429,0.0809524
1.11111,0.571429,0.112698
1.14286,0.571429,0.144444
1.1746,0.571429,0.17619
1.20635,0.571429,0.207937
1.2381,0.571429,0.239683
1.26984,0.571429,0.271429
1.30159,0.571429,0.303175
1.33333,0.571429,0.334921
1.36508,0.571429,0.366667
1.39683,0.571429,0.398413
1.42857,0.571429,0.430159
1.46032,0.571429,0.461905
1.49206,0.571429,0.493651
1.52381,0.571429,0.525397
1.55556,0.571429,0.557143
1.5873,0.571429,0.588889
1.61905,0.571429,0.620635
1.65079,0.571429,0.652381
1.68254,0.571429,0.684127
1.71429,0.571429,0.715873
1.74603,0.571429,0.747619
1.77778,0.571429,0.779365
1.80952,0.571429,0.811111
1.84127,0.571429,0.842857
1.87302,0.571429,0.874603
1.90476,0.571429,0.906349
1.93651,0.571429,0.938095
1.96825,0.571429,0.969841
2,0.571429,1.09516
0,0.603175,0
0.031746,0.603175,0
0.0634921,0.603175,0
0.0952381,0.603175,0
0.126984,0.603175,0
0.15873,0.603175,0
0.190476,0.603175,0
0.222222,0.603175,0
0.253968,0.603175,0
0.285714,0.603175,0
0.31746,0.603175,0
0.349206,0.603175,0
0.380952,0.603175,0
0.412698,0.603175,0
0.444444,0.603175,0
0.47619,0.603175,0
0.507937,0.603175,0
0.539683,0.603175,0
0.571429,0.603175,0
0.603175,0.603175,0
0.634921,0.603175,0
0.666667,0.603175,0
0.698413,0.603175,0
0.730159,0.603175,0
0.761905,0.603175,0
0.793651,0.603175,0
0.825397,0.603175,0
0.857143,0.603175,0
0.888889,0.603175,0
0.920635,0.603175,0
0.952381,0.603175,0
0.984127,0.603175,0.0100756
1.01587,0.603175,0.0273772
1.04762,0.603175,0.0492063
1.07937,0.603175,0.0809524
1.11111,0.603175,0.112698
1.14286,0.603175,0.144444
1.1746,0.603175,0.17619
1.20635,0.603175,0.207937
1.2381,0.603175,0.239683
1.26984,0.603175,0.271429
1.30159,0.603175,0.303175
1.33333,0.603175,0.334921
1.36508,0.603175,0.366667
1.39683,0.603175,0.398413
1.42857,0.603175,0.430159
1.46032,0.603175,0.461905
1.49206,0.603175,0.493651
1.52381,0.603175,0.525397
1.55556,0.603175,0.557143
1.5873,0.603175,0.588889
1.61905,0.603175,0.620635
1.65079,0.603175,0.652381
1.68254,0.603175,0.684127
1.71429,0.603175,0.715873
1.74603,0.603175,0.747619
1.77778,0.603175,0.779365
1.80952,0.603175,0.811111
1.84127,0.603175,0.842857
1.87302,0.603175,0.874603
1.90476,0.603175,0.906349
1.93651,0.603175,0.938095
1.96825,0.603175,0.969841
2,0.603175,1.09516
0,0.634921,0
0.031746,0.634921,0
0.0634921,0.634921,0
0.0952381,0.634921,0
0.126984,0.634921,0
0.15873,0.634921,0
0.190476,0.634921,0
0.222222,0.634921,0
0.253968,0.634921,0
0.285714,0.634921,0
0.31746,0.634921,0
0.349206,0.634921,0
0.380952,0.634921,0
0.412698,0.634921,0
0.444444,0.634921,0
0.47619,0.634921,0
0.507937,0.634921,0
0.539683,0.634921,0
0.571429,0.634921,0
0.603175,0.634921,0
0.634921,0.634921,0
0.666667,0.634921,0
0.698413,0.634921,0
0.730159,0.634921,0
0.761905,0.634921,0
0.793651,0.634921,0
0.825397,0.634921,0
0.857143,0.634921,0
0.888889,0.634921,0
0.920635,0.634921,0
0.952381,0.634921,0
0.984127,0.634921,0.0100756
1.01587,0.634921,0.0273772
1.04762,0.634921,0.0492063
1.07937,0.634921,0.0809524
1.11111,0.634921,0.112698
1.14286,0.634921,0.144444
1.1746,0.634921,0.17619
1.20635,0.634921,0.207937
1.2381,0.634921,0.239683
1.26984,0.634921,0.271429
1.30159,0.634921,0.303175
1.33333,0.634921,0.334921
1.36508,0.634921,0.366667
1.39683,0.634921,0.398413
1.42857,0.634921,0.430159
1.46032,0.634921,0.461905
1.49206,0.634921,0.493651
1.52381,0.634921,0.525397
1.55556,0.634921,0.557143
1.5873,0.634921,0.588889
1.61905,0.634921,0.620635
1.65079,0.634921,0.652381
1.68254,0.634921,0.684127
1.71429,0.634921,0.715873
1.74603,0.634921,0.747619
1.77778,0.634921,0.779365
1.80952,0.634921,0.811111
1.84127,0.634921,0.842857
1.87302,0.634921,0.874603
1.90476,0.634921,0.906349
1.93651,0.634921,0.938095
1.96825,0.634921,0.969841
2,0.634921,1.09516
0,0.666667,0
0.031746,0.666667,0
0.0634921,0.666667,0
0.0952381,0.666667,0
0.126984,0.666667,0
0.15873,0.666667,0
0.190476,0.666667,0
0.222222,0.666667,0
0.253968,0.666667,0
0.285714,0.666667,0
0.31746,0.666667,0
0.349206,0.666667,0
0.380952,0.666667,0
0.412698,0.666667,0
0.444444,0.666667,0
0.47619,0.666667,0
0.507937,0.666667,0
0.539683,0.666667,0
0.571429,0.666667,0
0.603175,0.666667,0
0.634921,0.666667,0
0.666667,0.666667,0
0.698413,0.666667,0
0.730159,0.666667,0
0.761905,0.666667,0
0.793651,0.666667,0
0.825397,0.666667,0
0.857143,0.666667,0
0.888889,0.666667,0
0.920635,0.666667,0
0.952381,0.666667,0
0.984127,0.666667,0.0100756
1.01587,0.666667,0.0273772
1.04762,0.666667,0.0492063
1.07937,0.666667,0.0809524
1.11111,0.666667,0.112698
1.14286,0.666667,0.144444
1.1746,0.666667,0.17619
1.20635,0.666667,0.207937
1.2381,0.666667,0.239683
1.26984,0.666667,0.271429
1.30159,0.666667,0.303175
1.33333,0.666667,0.334921
1.36508,0.666667,0.366667
1.39683,0.666667,0.398413
1.42857,0.666667,0.430159
1.46032,0.666667,0.461905
1.49206,0.666667,0.493651
1.52381,0.666667,0.525397
1.55556,0.666667,0.557143
1.5873,0.666667,0.588889
1.61905,0.666667,0.620635
1.65079,0.666667,0.652381
1.68254,0.666667,0.684127
1.71429,0.666667,0.715873
1.74603,0.666667,0.747619
1.77778,0.666667,0.779365
1.80952,0.666667,0.811111
1.84127,0.666667,0.842857
1.87302,0.666667,0.874603
1.90476,0.666667,0.906349
1.93651,0.666667,0.938095
1.96825,0.666667,0.969841
2,0.666667,1.09516
0,0.698413,0
0.031746,0.698413,0
0.0634921,0.698413,0
0.0952381,0.698413,0
0.126984,0.698413,0
0.15873,0.698413,0
0.190476,0.698413,0
0.222222,0.698413,0
0.253968,0.698413,0
0.285714,0.698413,0
0.31746,0.698413,0
0.349206,0.698413,0
0.380952,0.698413,0
0.412698,0.698413,0
0.444444,0.698413,0
0.47619,0.698413,0
0.507937,0.698413,0
0.539683,0.698413,0
0.571429,0.698413,0
0.603175,0.698413,0
0.634921,0.698413,0
0.666667,0.698413,0
0.698413,0.698413,0
0.730159,0.698413,0
0.761905,0.698413,0
0.793651,0.698413,0
0.825397,0.698413,0
0.857143,0.698413,0
0.888889,0.698413,0
0.920635,0.698413,0
0.952381,0.698413,0
0.984127,0.698413,0.0100756
1.01587,0.698413,0.0273772
1.04762,0.698413,0.0492063
1.07937,0.698413,0.0809524
1.11111,0.698413,0.112698
1.14286,0.698413,0.144444
1.1746,0.698413,0.17619
1.20635,0.698413,0.207937
1.2381,0.698413,0.239683
1.26984,0.698413,0.271429
1.30159,0.698413,0.303175
1.33333,0.698413,0.334921
1.36508,0.698413,0.366667
1.39683,0.698413,0.398413
1.42857,0.698413,0.430159
1.46032,0.698413,0.461905
1.49206,0.698413,0.493651
1.52381,0.698413,0.525397
1.55556,0.698413,0.557143
1.5873,0.698413,0.588889
1.61905,0.698413,0.620635
1.65079,0.698413,0.652381
1.68254,0.698413,0.684127
1.71429,0.698413,0.715873
1.74603,0.698413,0.747619
1.77778,0.698413,0.779365
1.80952,0.698413,0.811111
1.84127,0.698413,0.842857
1.87302,0.698413,0.874603
1.90476,0.698413,0.906349
1.93651,0.698413,0.938095
1.96825,0.698413,0.969841
2,0.698413,1.09516
0,0.730159,0
0.031746,0.730159,0
0.0634921,0.730159,0
0.0952381,0.730159,0
0.126984,0.730159,0
0.15873,0.730159,0
0.190476,0.730159,0
0.222222,0.730159,0
0.253968,0.730159,0
0.285714,0.730159,0
0.31746,0.730159,0
0.349206,0.730159,0
0.380952,0.730159,0
0.412698,0.730159,0
0.444444,0.730159,0
0.47619,0.730159,0
0.507937,0.730159,0
0.539683,0.730159,0
0.571429,0.730159,0
0.603175,0.730159,0
0.634921,0.730159,0
0.666667,0.730159,0
0.698413,0.730159,0
0.730159,0.730159,0
0.761905,0.730159,0
0.793651,0.730159,0
0.825397,0.730159,0
0.857143,0.730159,0
0.888889,0.730159,0
0.920635,0.730159,0
0.952381,0.730159,0
0.984127,0.730159,0.0100756
1.01587,0.730159,0.0273772
1.04762,0.730159,0.0492063
1.07937,0.730159,0.0809524
1.11111,0.730159,0.112698
1.14286,0.730159,0.144444
1.1746,0.730159,0.17619
1.20635,0.730159,0.207937
1.2381,0.730159,0.239683
1.26984,0.730159,0.271429
1.30159,0.730159,0.303175
1.33333,0.730159,0.334921
1.36508,0.730159,0.366667
1.39683,0.730159,0.398413
1.42857,0.730159,0.430159
1.46032,0.730159,0.461905
1.49206,0.730159,0.493651
1.52381,0.730159,0.525397
1.55556,0.730159,0.557143
1.5873,0.730159,0.588889
1.61905,0.730159,0.620635
1.65079,0.730159,0.652381
1.68254,0.730159,0.684127
1.71429,0.730159,0.715873
1.74603,0.730159,0.747619
1.77778,0.730159,0.779365
1.80952,0.730159,0.811111
1.84127,0.730159,0.842857
1.87302,0.730159,0.874603
1.90476,0.730159,0.906349
1.93651,0.730159,0.938095
1.96825,0.730159,0.969841
2,0.730159,1.09516
0,0.761905,0
0.031746,0.761905,0
0.0634921,0.761905,0
0.0952381,0.761905,0
0.126984,0.761905,0
0.15873,0.761905,0
0.190476,0.761905,0
0.222222,0.761905,0
0.253968,0.761905,0
0.285714,0.761905,0
0.31746,0.761905,0
0.349206,0.761905,0
0.380952,0.761905,0
0.412698,0.761905,0
0.444444,0.761905,0
0.47619,0.761905,0
0.507937,0.761905,0
0.539683,0.761905,0
0.571429,0.761905,0
0.603175,0.761905,0
0.634921,0.761905,0
0.666667,0.761905,0
0.698413,0.761905,0
0.730159,0.761905,0
0.761905,0.761905,0
0.793651,0.761905,0
0.825397,0.761905,0
0.857143,0.761905,0
0.888889,0.761905,0
0.920635,0.761905,0
0.952381,0.761905,0
0.984127,0.761905,0.0100756
1.01587,0.761905,0.0273772
1.04762,0.761905,0.0492063
1.07937,0.761905,0.0809524
1.11111,0.761905,0.112698
1.14286,0.761905,0.144444
1.1746,0.761905,0.17619
1.20635,0.761905,0.207937
1.2381,0.761905,0.239683
1.26984,0.761905,0.271429
1.30159,0.761905,0.303175
1.33333,0.761905,0.334921
1.36508,0.761905,0.366667
1.39683,0.761905,0.398413
1.42857,0.761905,0.430159
1.46032,0.761905,0.461905
1.49206,0.761905,0.493651
1.52381,0.761905,0.525397
1.55556,0.761905,0.557143
1.5873,0.761905,0.588889
1.61905,0.761905,0.620635
1.65079,0.761905,0.652381
1.68254,0.761905,0.684127
1.71429,0.761905,0.715873
1.74603,0.761905,0.747619
1.77778,0.761905,0.779365
1.80952,0.761905,0.811111
1.84127,0.761905,0.842857
1.87302,0.761905,0.874603
1.90476,0.761905,0.906349
1.93651,0.761905,0.938095
1.96825,0.761905,0.969841
2,0.761905,1.09516
0,0.793651,0
0.031746,0.793651,0
0.0634921,0.793651,0
0.0952381,0.793651,0
0.126984,0.793651,0
0.15873,0.793651,0
0.190476,0.793651,0
0.222222,0.793651,0
0.253968,0.793651,0
0.285714,0.793651,0
0.31746,0.793651,0
0.349206,0.793651,0
0.380952,0.793651,0
0.412698,0.793651,0
0.444444,0.793651,0
0.47619,0.793651,0
0.507937,0.793651,0
0.539683,0.793651,0
0.571429,0.793651,0
0.603175,0.793651,0
0.634921,0.793651,0
0.666667,0.793651,0
0.698413,0.793651,0
0.730159,0.793651,0
0.761905,0.793651,0
0.793651,0.793651,0
0.825397,0.793651,0
0.857143,0.793651,0
0.888889,0.793651,0
0.920635,0.793651,0
0.952381,0.793651,0
0.984127,0.793651,0.0100756
1.01587,0.793651,0.0273772
1.04762,0.793651,0.0492063
1.07937,0.793651,0.0809524
1.11111,0.793651,0.112698
1.14286,0.793651,0.144444
1.1746,0.793651,0.17619
1.20635,0.793651,0.207937
1.2381,0.793651,0.239683
1.26984,0.793651,0.271429
1.30159,0.793651,0.303175
1.33333,0.793651,0.334921
1.36508,0.793651,0.366667
1.39683,0.793651,0.398413
1.42857,0.793651,0.430159
1.46032,0.793651,0.461905
1.49206,0.793651,0.493651
1.52381,0.793651,0.525397
1.55556,0.793651,0.557143
1.5873,0.793651,0.588889
1.61905,0.793651,0.620635
1.65079,0.793651,0.652381
1.68254,0.793651,0.684127
1.71429,0.793651,0.715873
1.74603,0.793651,0.747619
1.77778,0.793651,0.779365
1.80952,0.793651,0.811111
1.84127,0.793651,0.842857
1.87302,0.793651,0.874603
1.90476,0.793651,0.906349
1.93651,0.793651,0.938095
1.96825,0.793651,0.969841
2,0.793651,1.09516
0,0.825397,0
0.031746,0.825397,0
0.0634921,0.825397,0
0.0952381,0.825397,0
0.126984,0.825397,0
0.15873,0.825397,0
0.190476,0.825397,0
0.222222,0.825397,0
0.253968,0.825397,0
0.285714,0.825397,0
0.31746,0.825397,0
0.349206,0.825397,0
0.380952,0.825397,0
0.412698,0.825397,0
0.444444,0.825397,0
0.47619,0.825397,0
0.507937,0.825397,0
0.539683,0.825397,0
0.571429,0.825397,0
0.603175,0.825397,0
0.634921,0.825397,0
0.666667,0.825397,0
0.698413,0.825397,0
0.730159,0.825397,0
0.761905,0.825397,0
0.793651,0.825397,0
0.825397,0.825397,0
0.857143,0.825397,0
0.888889,0.825397,0
0.920635,0.825397,0
0.952381,0.825397,0
0.984127,0.825397,0.0100756
1.01587,0.825397,0.0273772
1.04762,0.825397,0.0492063
1.07937,0.825397,0.0809524
1.11111,0.825397,0.112698
1.14286,0.825397,0.144444
1.1746,0.825397,0.17619
1.20635,0.825397,0.207937
1.2381,0.825397,0.239683
1.26984,0.825397,0.271429
1.30159,0.825397,0.303175
1.33333,0.825397,0.334921
1.36508,0.825397,0.366667
1.39683,0.825397,0.398413
1.42857,0.825397,0.430159
1.46032,0.825397,0.461905
1.49206,0.825397,0.493651
1.52381,0.825397,0.525397
1.55556,0.825397,0.557143
1.5873,0.825397,0.588889
1.61905,0.825397,0.620635
1.65079,0.825397,0.652381
1.68254,0.825397,0.684127
1.71429,0.825397,0.715873
1.74603,0.825397,0.747619
1.77778,0.825397,0.779365
1.80952,0.825397,0.811111
1.84127,0.825397,0.842857
1.87302,0.825397,0.874603
1.90476,0.825397,0.906349
1.93651,0.825397,0.938095
1.96825,0.825397,0.969841
2,0.825397,1.09516
0,0.857143,0
0.031746,0.857143,0
0.0634921,0.857143,0
0.0952381,0.857143,0
0.126984,0.857143,0
0.15873,0.857143,0
0.190476,0.857143,0
0.222222,0.857143,0
0.253968,0.857143,0
0.285714,0.857143,0
0.31746,0.857143,0
0.349206,0.857143,0
0.380952,0.857143,0
0.412698,0.857143,0
0.444444,0.857143,0
0.47619,0.857143,0
0.507937,0.857143,0
0.539683,0.857143,0
0.571429,0.857143,0
0.603175,0.857143,0
0.634921,0.857143,0
0.666667,0.857143,0
0.698413,0.857143,0
0.730159,0.857143,0
0.761905,0.857143,0
0.793651,0.857143,0
0.825397,0.857143,0
0.857143,0.857143,0
0.888889,0.857143,0
0.920635,0.857143,0
0.952381,0.857143,0
0.984127,0.857143,0.0100756
1.01587,0.857143,0.0273772
1.04762,0.857143,0.0492063
1.07937,0.857143,0.0809524
1.11111,0.857143,0.112698
1.14286,0.857143,0.144444
1.1746,0.857143,0.17619
1.20635,0.857143,0.207937
1.2381,0.857143,0.239683
1.26984,0.857143,0.271429
1.30159,0.857143,0.303175
1.33333,0.857143,0.334921
1.36508,0.857143,0.366667
1.39683,0.857143,0.398413
1.42857,0.857143,0.430159
1.46032,0.857143,0.461905
1.49206,0.857143,0.493651
1.52381,0.857143,0.525397
1.55556,0.857143,0.557143
1.5873,0.857143,0.588889
1.61905,0.857143,0.620635
1.65079,0.857143,0.652381
1.68254,0.857143,0.684127
1.71429,0.857143,0.715873
1.74603,0.857143,0.747619
1.77778,0.857143,0.779365
1.80952,0.857143,0.811111
1.84127,0.857143,0.842857
1.87302,0.857143,0.874603
1.90476,0.857143,0.906349
1.93651,0.857143,0.938095
1.96825,0.857143,0.969841
2,0.857143,1.09516
0,0.888889,0
0.031746,0.888889,0
0.0634921,0.888889,0
0.0952381,0.888889,0
0.126984,0.888889,0
0.15873,0.888889,0
0.190476,0.888889,0
0.222222,0.888889,0
0.253968,0.888889,0
0.285714,0.888889,0
0.31746,0.888889,0
0.349206,0.888889,0
0.380952,0.888889,0
0.412698,0.888889,0
0.444444,0.888889,0
0.47619,0.888889,0
0.507937,0.888889,0
0.539683,0.888889,0
0.571429,0.888889,0
0.603175,0.888889,0
0.634921,0.888889,0
0.666667,0.888889,0
0.698413,0.888889,0
0.730159,0.888889,0
0.761905,0.888889,0
0.793651,0.888889,0
0.825397,0.888889,0
0.857143,0.888889,0
0.888889,0.888889,0
0.920635,0.888889,0
0.952381,0.888889,0
0.984127,0.888889,0.0100756
1.01587,0.888889,0.0273772
1.04762,0.888889,0.0492063
1.07937,0.888889,0.0809524
1.11111,0.888889,0.112698
1.14286,0.888889,0.144444
1.1746,0.888889,0.17619
1.20635,0.888889,0.207937
1.2381,0.888889,0.239683
1.26984,0.888889,0.271429
1.30159,0.888889,0.303175
1.33333,0.888889,0.334921
1.36508,0.888889,0.366667
1.39683,0.888889,0.398413
1.42857,0.888889,0.430159
1.46032,0.888889,0.461905
1.49206,0.888889,0.493651
1.52381,0.888889,0.525397
1.55556,0.888889,0.557143
1.5873,0.888889,0.588889
1.61905,0.888889,0.620635
1.65079,0.888889,0.652381
1.68254,0.888889,0.684127
1.71429,0.888889,0.715873
1.74603,0.888889,0.747619
1.77778,0.888889,0.779365
1.80952,0.888889,0.811111
1.84127,0.888889,0.842857
1.87302,0.888889,0.874603
1.90476,0.888889,0.906349
1.93651,0.888889,0.938095
1.96825,0.888889,0.969841
2,0.888889,1.09516
0,0.920635,0
0.031746,0.920635,0
0.0634921,0.920635,0
0.0952381,0.920635,0
0.126984,0.920635,0
0.15873,0.920635,0
0.190476,0.920635,0
0.222222,0.920635,0
0.253968,0.920635,0
0.285714,0.920635,0
0.31746,0.920635,0
0.349206,0.920635,0
0.380952,0.920635,0
0.412698,0.920635,0
0.444444,0.920635,0
0.47619,0.920635,0
0.507937,0.920635,0
0.539683,0.920635,0
0.571429,0.920635,0
0.603175,0.920635,0
0.634921,0.920635,0
0.666667,0.920635,0
0.698413,0.920635,0
0.730159,0.920635,0
0.761905,0.920635,0
0.793651,0.920635,0
0.825397,0.920635,0
0.857143,0.920635,0
0.888889,0.920635,0
0.920635,0.920635,0
0.952381,0.920635,0
0.984127,0.920635,0.0100756
1.01587,0.920635,0.0273772
1.04762,0.920635,0.0492063
1.07937,0.920635,0.0809524
1.11111,0.920635,0.112698
1.14286,0.920635,0.144444
1.1746,0.920635,0.17619
1.20635,0.920635,0.207937
1.2381,0.920635,0.239683
1.26984,0.920635,0.271429
1.30159,0.920635,0.303175
1.33333,0.920635,0.334921
1.36508,0.920635,0.366667
1.39683,0.920635,0.398413
1.42857,0.920635,0.430159
1.46032,0.920635,0.461905
1.49206,0.920635,0.493651
1.52381,0.920635,0.525397
1.55556,0.920635,0.557143
1.5873,0.920635,0.588889
1.61905,0.920635,0.620635
1.65079,0.920635,0.652381
1.68254,0.920635,0.684127
1.71429,0.920635,0.715873
1.74603,0.920635,0.747619
1.77778,0.920635,0.779365
1.80952,0.920635,0.811111
1.84127,0.920635,0.842857
1.87302,0.920635,0.874603
1.90476,0.920635,0.906349
1.93651,0.920635,0.938095
1.96825,0.920635,0.969841
2,0.920635,1.09516
0,0.952381,0
0.031746,0.952381,0
0.0634921,0.952381,0
0.0952381,0.952381,0
0.126984,0.952381,0
0.15873,0.952381,0
0.190476,0.952381,0
0.222222,0.952381,0
0.253968,0.952381,0
0.285714,0.952381,0
0.31746,0.952381,0
0.349206,0.952381,0
0.380952,0.952381,0
0.412698,0.952381,0
0.444444,0.952381,0
0.47619,0.952381,0
0.507937,0.952381,0
0.539683,0.952381,0
0.571429,0.952381,0
0.603175,0.952381,0
0.634921,0.952381,0
0.666667,0.952381,0
0.698413,0.952381,0
0.730159,0.952381,0
0.761905,0.952381,0
0.793651,0.952381,0
0.825397,0.952381,0
0.857143,0.952381,0
0.888889,0.952381,0
0.920635,0.952381,0
0.952381,0.952381,0
0.984127,0.952381,0.0100756
1.01587,0.952381,0.0273772
1.04762,0.952381,0.0492063
1.07937,0.952381,0.0809524
1.11111,0.952381,0.112698
1.14286,0.952381,0.144444
1.1746,0.952381,0.17619
1.20635,0.952381,0.207937
1.2381,0.952381,0.239683
1.26984,0.952381,0.271429
1.30159,0.952381,0.303175
1.33333,0.952381,0.334921
1.36508,0.952381,0.366667
1.39683,0.952381,0.398413
1.42857,0.952381,0.430159
1.46032,0.952381,0.461905
1.49206,0.952381,0.493651
1.52381,0.952381,0.525397
1.55556,0.952381,0.557143
1.5873,0.952381,0.588889
1.61905,0.952381,0.620635
1.65079,0.952381,0.652381
1.68254,0.952381,0.684127
1.71429,0.952381,0.715873
1.74603,0.952381,0.747619
1.77778,0.952381,0.779365
1.80952,0.952381,0.811111
1.84127,0.952381,0.842857
1.87302,0.952381,0.874603
1.90476,0.952381,0.906349
1.93651,0.952381,0.938095
1.96825,0.952381,0.969841
2,0.952381,1.09516
0,0.984127,0
0.031746,0.984127,0
0.0634921,0.984127,0
0.0952381,0.984127,0
0.126984,0.984127,0
0.15873,0.984127,0
0.190476,0.984127,0
0.222222,0.984127,0
0.253968,0.984127,0
0.285714,0.984127,0
0.31746,0.984127,0
0.349206,0.984127,0
0.380952,0.984127,0
0.412698,0.984127,0
0.444444,0.984127,0
0.47619,0.984127,0
0.507937,0.984127,0
0.539683,0.984127,0
0.571429,0.984127,0
0.603175,0.984127,0
0.634921,0.984127,0
0.666667,0.984127,0
0.698413,0.984127,0
0.730159,0.984127,0
0.761905,0.984127,0
0.793651,0.984127,0
0.825397,0.984127,0
0.857143,0.984127,0
0.888889,0.984127,0
0.920635,0.984127,0
0.952381,0.984127,0
0.984127,0.984127,0.0100756
1.01587,0.984127,0.0273772
1.04762,0.984127,0.0492063
1.07937,0.984127,0.0809524
1.11111,0.984127,0.112698
1.14286,0.984127,0.144444
1.1746,0.984127,0.17619
1.20635,0.984127,0.207937
1.2381,0.984127,0.239683
1.26984,0.984127,0.271429
1.30159,0.984127,0.303175
1.33333,0.984127,0.334921
1.36508,0.984127,0.366667
1.39683,0.984127,0.398413
1.42857,0.984127,0.430159
1.46032,0.984127,0.461905
1.49206,0.984127,0.493651
1.52381,0.984127,0.525397
1.55556,0.984127,0.557143
1.5873,0.984127,0.588889
1.61905,0.984127,0.620635
1.65079,0.984127,0.652381
1.68254,0.984127,0.684127
1.71429,0.984127,0.715873
1.74603,0.984127,0.747619
1.77778,0.984127,0.779365
1.80952,0.984127,0.811111
1.84127,0.984127,0.842857
1.87302,0.984127,0.874603
1.90476,0.984127,0.906349
1.93651,0.984127,0.938095
1.96825,0.984127,0.969841
2,0.984127,1.09516
0,1.01587,0
0.031746,1.01587,0
0.0634921,1.01587,0
0.0952381,1.01587,0
0.126984,1.01587,0
0.15873,1.01587,0
0.190476,1.01587,0
0.222222,1.01587,0
0.253968,1.01587,0
0.285714,1.01587,0
0.31746,1.01587,0
0.349206,1.01587,0
0.380952,1.01587,0
0.412698,1.01587,0
0.444444,1.01587,0
0.47619,1.01587,0
0.507937,1.01587,0
0.539683,1.01587,0
0.571429,1.01587,0
0.603175,1.01587,0
0.634921,1.01587,0
0.666667,1.01587,0
0.698413,1.01587,0
0.730159,1.01587,0
0.761905,1.01587,0
0.793651,1.01587,0
0.825397,1.01587,0
0.857143,1.01587,0
0.888889,1.01587,0
0.920635,1.01587,0
0.952381,1.01587,0
0.984127,1.01587,0.0100756
1.01587,1.01587,0.0273772
1.04762,1.01587,0.0492063
1.07937,1.01587,0.0809524
1.11111,1.01587,0.112698
1.14286,1.01587,0.144444
1.1746,1.01587,0.17619
1.20635,1.01587,0.207937
1.2381,1.01587,0.239683
1.26984,1.01587,0.271429
1.30159,1.01587,0.303175
1.33333,1.01587,0.334921
1.36508,1.01587,0.366667
1.39683,1.01587,0.398413
1.42857,1.01587,0.430159
1.46032,1.01587,0.461905
1.49206,1.01587,0.493651
1.52381,1.01587,0.525397
1.55556,1.01587,0.557143
1.5873,1.01587,0.588889
1.61905,1.01587,0.620635
1.65079,1.01587,0.652381
1.68254,1.01587,0.684127
1.71429,1.01587,0.715873
1.74603,1.01587,0.747619
1.77778,1.01587,0.779365
1.80952,1.01587,0.811111
1.84127,1.01587,0.842857
1.87302,1.01587,0.874603
1.90476,1.01587,0.906349
1.93651,1.01587,0.938095
1.96825,1.01587,0.969841
2,1.01587,1.09516
0,1.04762,0
0.031746,1.04762,0
0.0634921,1.04762,0
0.0952381,1.04762,0
0.126984,1.04762,0
0.15873,1.04762,0
0.190476,1.04762,0
0.222222,1.04762,0
0.253968,1.04762,0
0.285714,1.04762,0
0.31746,1.04762,0
0.349206,1.04762,0
0.380952,1.04762,0
0.412698,1.04762,0
0.444444,1.04762,0
0.47619,1.04762,0
0.507937,1.04762,0
0.539683,1.04762,0
0.571429,1.04762,0
0.603175,1.04762,0
0.634921,1.04762,0
0.666667,1.04762,0
0.698413,1.04762,0
0.730159,1.04762,0
0.761905,1.04762,0
0.793651,1.04762,0
0.825397,1.04762,0
0.857143,1.04762,0
0.888889,1.04762,0
0.920635,1.04762,0
0.952381,1.04762,0
0.984127,1.04762,0.0100756
1.01587,1.04762,0.0273772
1.04762,1.04762,0.0492063
1.07937,1.04762,0.0809524
1.11111,1.04762,0.112698
1.14286,1.04762,0.144444
1.1746,1.04762,0.17619
1.20635,1.04762,0.207937
1.2381,1.04762,0.239683
1.26984,1.04762,0.271429
1.30159,1.04762,0.303175
1.33333,1.04762,0.334921
1.36508,1.04762,0.366667
1.39683,1.04762,0.398413
1.42857,1.04762,0.430159
1.46032,1.04762,0.461905
1.49206,1.04762,0.493651
1.52381,1.04762,0.525397
1.55556,1.04762,0.557143
1.5873,1.04762,0.588889
1.61905,1.04762,0.620635
1.65079,1.04762,0.652381
1.68254,1.04762,0.684127
1.71429,1.04762,0.715873
1.74603,1.04762,0.747619
1.77778,1.04762,0.779365
1.80952,1.04762,0.811111
1.84127,1.04762,0.842857
1.87302,1.04762,0.874603
1.90476,1.04762,0.906349
1.93651,1.04762,0.938095
1.96825,1.04762,0.969841
2,1.04762,1.09516
0,1.07937,0
0.031746,1.07937,0
0.0634921,1.07937,0
0.0952381,1.07937,0
0.126984,1.07937,0
0.15873,1.07937,0
0.190476,1.07937,0
0.222222,1.07937,0
0.253968,1.07937,0
0.285714,1.07937,0
0.31746,1.07937,0
0.349206,1.07937,0
0.380952,1.07937,0
0.412698,1.07937,0
0.444444,1.07937,0
0.47619,1.07937,0
0.507937,1.07937,0
0.539683,1.07937,0
0.571429,1.07937,0
0.603175,1.07937,0
0.634921,1.07937,0
0.666667,1.07937,0
0.698413,1.07937,0
0.730159,1.07937,0
0.761905,1.07937,0
0.793651,1.07937,0
0.825397,1.07937,0
0.857143,1.07937,0
0.888889,1.07937,0
0.920635,1.07937,0
0.952381,1.07937,0
0.984127,1.07937,0.0100756
1.01587,1.07937,0.0273772
1.04762,1.07937,0.0492063
1.07937,1.07937,0.0809524
1.11111,1.07937,0.112698
1.14286,1.07937,0.144444
1.1746,1.07937,0.17619
1.20635,1.07937,0.207937
1.2381,1.07937,0.239683
1.26984,1.07937,0.271429
1.30159,1.07937,0.303175
1.33333,1.07937,0.334921
1.36508,1.07937,0.366667
1.39683,1.07937,0.398413
1.42857,1.07937,0.430159
1.46032,1.07937,0.461905
1.49206,1.07937,0.493651
1.52381,1.07937,0.525397
1.55556,1.07937,0.557143
1.5873,1.07937,0.588889
1.61905,1.07937,0.620635
1.65079,1.07937,0.652381
1.68254,1.07937,0.684127
1.71429,1.07937,0.715873
1.74603,1.07937,0.747619
1.77778,1.07937,0.779365
1.80952,1.07937,0.811111
1.84127,1.07937,0.842857
1.87302,1.07937,0.874603
1.90476,1.07937,0.906349
1.93651,1.07937,0.938095
1.96825,1.07937,0.969841
2,1.07937,1.09516
0,1.11111,0
0.031746,1.11111,0
0.0634921,1.11111,0
0.0952381,1.11111,0
0.126984,1.11111,0
0.15873,1.11111,0
0.190476,1.11111,0
0.222222,1.11111,0
0.253968,1.11111,0
0.285714,1.11111,0
0.31746,1.11111,0
0.349206,1.11111,0
0.380952,1.11111,0
0.412698,1.11111,0
0.444444,1.11111,0
0.47619,1.11111,0
0.507937,1.11111,0
0.539683,1.11111,0
0.571429,1.11111,0
0.603175,1.11111,0
0.634921,1.11111,0
0.666667,1.11111,0
0.698413,1.11111,0
0.730159,1.11111,0
0.761905,1.11111,0
0.793651,1.11111,0
0.825397,1.11111,0
0.857143,1.11111,0
0.888889,1.11111,0
0.920635,1.11111,0
0.952381,1.11111,0
0.984127,1.11111,0.0100756
1.01587,1.11111,0.0273772
1.04762,1.11111,0.0492063
1.07937,1.11111,0.0809524
1.11111,1.11111,0.112698
1.14286,1.11111,0.144444
1.1746,1.11111,0.17619
1.20635,1.11111,0.207937
1.2381,1.11111,0.239683
1.26984,1.11111,0.271429
1.30159,1.11111,0.303175
1.33333,1.11111,0.334921
1.36508,1.11111,0.366667
1.39683,1.11111,0.398413
1.42857,1.11111,0.430159
1.46032,1.11111,0.461905
1.49206,1.11111,0.493651
1.52381,1.11111,0.525397
1.55556,1.11111,0.557143
1.5873,1.11111,0.588889
1.61905,1.11111,0.620635
1.65079,1.11111,0.652381
1.68254,1.11111,0.684127
1.71429,1.11111,0.715873
1.74603,1.11111,0.747619
1.77778,1.11111,0.779365
1.80952,1.11111,0.811111
1.84127,1.11111,0.842857
1.87302,1.11111,0.874603
1.90476,1.11111,0.906349
1.93651,1.11111,0.938095
1.96825,1.11111,0.969841
2,1.11111,1.09516
0,1.14286,0
0.031746,1.14286,0
0.0634921,1.14286,0
0.0952381,1.14286,0
0.126984,1.14286,0
0.15873,1.14286,0
0.190476,1.14286,0
0.222222,1.14286,0
0.253968,1.14286,0
0.285714,1.14286,0
0.31746,1.14286,0
0.349206,1.14286,0
0.380952,1.14286,0
0.412698,1.14286,0
0.444444,1.14286,0
0.47619,1.14286,0
0.507937,1.14286,0
0.539683,1.14286,0
0.571429,1.14286,0
0.603175,1.14286,0
0.634921,1.14286,0
0.666667,1.14286,0
0.698413,1.14286,0
0.730159,1.14286,0
0.761905,1.14286,0
0.793651,1.14286,0
0.825397,1.14286,0
0.857143,1.14286,0
0.888889,1.14286,0
0.920635,1.14286,0
0.952381,1.14286,0
0.984127,1.14286,0.0100756
1.01587,1.14286,0.0273772
1.04762,1.14286,0.0492063
1.07937,1.14286,0.0809524
1.11111,1.14286,0.112698
1.14286,1.14286,0.144444
1.1746,1.14286,0.17619
1.20635,1.14286,0.207937
1.2381,1.14286,0.239683
1.26984,1.14286,0.271429
1.30159,1.14286,0.303175
1.33333,1.14286,0.334921
1.36508,1.14286,0.366667
1.39683,1.14286,0.398413
1.42857,1.14286,0.430159
1.46032,1.14286,0.461905
1.49206,1.14286,0.493651
1.52381,1.14286,0.525397
1.55556,1.14286,0.557143
1.5873,1.14286,0.588889
1.61905,1.14286,0.620635
1.65079,1.14286,0.652381
1.68254,1.14286,0.684127
1.71429,1.14286,0.715873
1.74603,1.14286,0.747619
1.77778,1.14286,0.779365
1.80952,1.14286,0.811111
1.84127,1.14286,0.842857
1.87302,1.14286,0.874603
1.90476,1.14286,0.906349
1.93651,1.14286,0.938095
1.96825,1.14286,0.969841
2,1.14286,1.09516
0,1.1746,0
0.031746,1.1746,0
0.0634921,1.1746,0
0.0952381,1.1746,0
0.126984,1.1746,0
0.15873,1.1746,0
0.190476,1.1746,0
0.222222,1.1746,0
0.253968,1.1746,0
0.285714,1.1746,0
0.31746,1.1746,0
0.349206,1.1746,0
0.380952,1.1746,0
0.412698,1.1746,0
0.444444,1.1746,0
0.47619,1.1746,0
0.507937,1.1746,0
0.539683,1.1746,0
0.571429,1.1746,0
0.603175,1.1746,0
0.634921,1.1746,0
0.666667,1.1746,0
0.698413,1.1746,0
0.730159,1.1746,0
0.761905,1.1746,0
0.793651,1.1746,0
0.825397,1.1746,0
0.857143,1.1746,0
0.888889,1.1746,0
0.920635,1.1746,0
0.952381,1.1746,0
0.984127,1.1746,0.0100756
1.01587,1.1746,0.0273772
1.04762,1.1746,0.0492063
1.07937,1.1746,0.0809524
1.11111,1.1746,0.112698
1.14286,1.1746,0.144444
1.1746,1.1746,0.17619
1.20635,1.1746,0.207937
1.2381,1.1746,0.239683
1.26984,1.1746,0.271429
1.30159,1.1746,0.303175
1.33333,1.1746,0.334921
1.36508,1.1746,0.366667
1.39683,1.1746,0.398413
1.42857,1.1746,0.430159
1.46032,1.1746,0.461905
1.49206,1.1746,0.493651
1.52381,1.1746,0.525397
1.55556,1.1746,0.557143
1.5873,1.1746,0.588889
1.61905,1.1746,0.620635
1.65079,1.1746,0.652381
1.68254,1.1746,0.684127
1.71429,1.1746,0.715873
1.74603,1.1746,0.747619
1.77778,1.1746,0.779365
1.80952,1.1746,0.811111
1.84127,1.1746,0.842857
1.87302,1.1746,0.874603
1.90476,1.1746,0.906349
1.93651,1.1746,0.938095
1.96825,1.1746,0.969841
2,1.1746,1.09516
0,1.20635,0
0.031746,1.20635,0
0.0634921,1.20635,0
0.0952381,1.20635,0
0.126984,1.20635,0
0.15873,1.20635,0
0.190476,1.20635,0
0.222222,1.20635,0
0.253968,1.20635,0
0.285714,1.20635,0
0.31746,1.20635,0
0.349206,1.20635,0
0.380952,1.20635,0
0.412698,1.20635,0
0.444444,1.20635,0
0.47619,1.20635,0
0.507937,1.20635,0
0.539683,1.20635,0
0.571429,1.20635,0
0.603175,1.20635,0
0.634921,1.20635,0
0.666667,1.20635,0
0.698413,1.20635,0
0.730159,1.20635,0
0.761905,1.20635,0
0.793651,1.20635,0
0.825397,1.20635,0
0.857143,1.20635,0
0.888889,1.20635,0
0.920635,1.20635,0
0.952381,1.20635,0
0.984127,1.20635,0.0100756
1.01587,1.20635,0.0273772
1.04762,1.20635,0.0492063
1.07937,1.20635,0.0809524
1.11111,1.20635,0.112698
1.14286,1.20635,0.144444
1.1746,1.20635,0.17619
1.20635,1.20635,0.207937
1.2381,1.20635,0.239683
1.26984,1.20635,0.271429
1.30159,1.20635,0.303175
1.33333,1.20635,0.334921
1.36508,1.20635,0.366667
1.39683,1.20635,0.398413
1.42857,1.20635,0.430159
1.46032,1.20635,0.461905
1.49206,1.20635,0.493651
1.52381,1.20635,0.525397
1.55556,1.20635,0.557143
1.5873,1.20635,0.588889
1.61905,1.20635,0.620635
1.65079,1.20635,0.652381
1.68254,1.20635,0.684127
1.71429,1.20635,0.715873
1.74603,1.20635,0.747619
1.77778,1.20635,0.779365
1.80952,1.20635,0.811111
1.84127,1.20635,0.842857
1.87302,1.20635,0.874603
1.90476,1.20635,0.906349
1.93651,1.20635,0.938095
1.96825,1.20635,0.969841
2,1.20635,1.09516
0,1.2381,0
0.031746,1.2381,0
0.0634921,1.2381,0
0.0952381,1.2381,0
0.126984,1.2381,0
0.15873,1.2381,0
0.190476,1.2381,0
0.222222,1.2381,0
0.253968,1.2381,0
0.285714,1.2381,0
0.31746,1.2381,0
0.349206,1.2381,0
0.380952,1.2381,0
0.412698,1.2381,0
0.444444,1.2381,0
0.47619,1.2381,0
0.507937,1.2381,0
0.539683,1.2381,0
0.571429,1.2381,0
0.603175,1.2381,0
0.634921,1.2381,0
0.666667,1.2381,0
0.698413,1.2381,0
0.730159,1.2381,0
0.761905,1.2381,0
0.793651,1.2381,0
0.825397,1.2381,0
0.857143,1.2381,0
0.888889,1.2381,0
0.920635,1.2381,0
0.952381,1.2381,0
0.984127,1.2381,0.0100756
1.01587,1.2381,0.0273772
1.04762,1.2381,0.0492063
1.07937,1.2381,0.0809524
1.11111,1.2381,0.112698
1.14286,1.2381,0.144444
1.1746,1.2381,0.17619
1.20635,1.2381,0.207937
1.2381,1.2381,0.239683
1.26984,1.2381,0.271429
1.30159,1.2381,0.303175
1.33333,1.2381,0.334921
1.36508,1.2381,0.366667
1.39683,1.2381,0.398413
1.42857,1.2381,0.430159
1.46032,1.2381,0.461905
1.49206,1.2381,0.493651
1.52381,1.2381,0.525397
1.55556,1.2381,0.557143
1.5873,1.2381,0.588889
1.61905,1.2381,0.620635
1.65079,1.2381,0.652381
1.68254,1.2381,0.684127
1.71429,1.2381,0.715873
1.74603,1.2381,0.747619
1.77778,1.2381,0.779365
1.80952,1.2381,0.811111
1.84127,1.2381,0.842857
1.87302,1.2381,0.874603
1.90476,1.2381,0.906349
1.93651,1.2381,0.938095
1.96825,1.2381,0.969841
2,1.2381,1.09516
0,1.26984,0
0.031746,1.26984,0
0.0634921,1.26984,0
0.0952381,1.26984,0
0.126984,1.26984,0
0.15873,1.26984,0
0.190476,1.26984,0
0.222222,1.26984,0
0.253968,1.26984,0
0.285714,1.26984,0
0.31746,1.26984,0
0.349206,1.26984,0
0.380952,1.26984,0
0.412698,1.26984,0
0.444444,1.26984,0
0.47619,1.26984,0
0.507937,1.26984,0
0.539683,1.26984,0
0.571429,1.26984,0
0.603175,1.26984,0
0.634921,1.26984,0
0.666667,1.26984,0
0.698413,1.26984,0
0.730159,1.26984,0
0.761905,1.26984,0
0.793651,1.26984,0
0.825397,1.26984,0
0.857143,1.26984,0
0.888889,1.26984,0
0.920635,1.26984,0
0.952381,1.26984,0
0.984127,1.26984,0.0100756
1.01587,1.26984,0.0273772
1.04762,1.26984,0.0492063
1.07937,1.26984,0.0809524
1.11111,1.26984,0.112698
1.14286,1.26984,0.144444
1.1746,1.26984,0.17619
1.20635,1.26984,0.207937
1.2381,1.26984,0.239683
1.26984,1.26984,0.271429
1.30159,1.26984,0.303175
1.33333,1.26984,0.334921
1.36508,1.26984,0.366667
1.39683,1.26984,0.398413
1.42857,1.26984,0.430159
1.46032,1.26984,0.461905
1.49206,1.26984,0.493651
1.52381,1.26984,0.525397
1.55556,1.26984,0.557143
1.5873,1.26984,0.588889
1.61905,1.26984,0.620635
1.65079,1.26984,0.652381
1.68254,1.26984,0.684127
1.71429,1.26984,0.715873
1.74603,1.26984,0.747619
1.77778,1.26984,0.779365
1.80952,1.26984,0.811111
1.84127,1.26984,0.842857
1.87302,1.26984,0.874603
1.90476,1.26984,0.906349
1.93651,1.26984,0.938095
1.96825,1.26984,0.969841
2,1.26984,1.09516
0,1.30159,0
0.031746,1.30159,0
0.0634921,1.30159,0
0.0952381,1.30159,0
0.126984,1.30159,0
0.15873,1.30159,0
0.190476,1.30159,0
0.222222,1.30159,0
0.253968,1.30159,0
0.285714,1.30159,0
0.31746,1.30159,0
0.349206,1.30159,0
0.380952,1.30159,0
0.412698,1.30159,0
0.444444,1.30159,0
0.47619,1.30159,0
0.507937,1.30159,0
0.539683,1.30159,0
0.571429,1.30159,0
0.603175,1.30159,0
0.634921,1.30159,0
0.666667,1.30159,0
0.698413,1.30159,0
0.730159,1.30159,0
0.761905,1.30159,0
0.793651,1.30159,0
0.825397,1.30159,0
0.857143,1.30159,0
0.888889,1.30159,0
0.920635,1.30159,0
0.952381,1.30159,0
0.984127,1.30159,0.0100756
1.01587,1.30159,0.0273772
1.04762,1.30159,0.0492063
1.07937,1.30159,0.0809524
1.11111,1.30159,0.112698
1.14286,1.30159,0.144444
1.1746,1.30159,0.17619
1.20635,1.30159,0.207937
1.2381,1.30159,0.239683
1.26984,1.30159,0.271429
1.30159,1.30159,0.303175
1.33333,1.30159,0.334921
1.36508,1.30159,0.366667
1.39683,1.30159,0.398413
1.42857,1.30159,0.430159
1.46032,1.30159,0.461905
1.49206,1.30159,0.493651
1.52381,1.30159,0.525397
1.55556,1.30159,0.557143
1.5873,1.30159,0.588889
1.61905,1.30159,0.620635
1.65079,1.30159,0.652381
1.68254,1.30159,0.684127
1.71429,1.30159,0.715873
1.74603,1.30159,0.747619
1.77778,1.30159,0.779365
1.80952,1.30159,0.811111
1.84127,1.30159,0.842857
1.87302,1.30159,0.874603
1.90476,1.30159,0.906349
1.93651,1.30159,0.938095
1.96825,1.30159,0.969841
2,1.30159,1.09516
0,1.33333,0
0.031746,1.33333,0
0.0634921,1.33333,0
0.0952381,1.33333,0
0.126984,1.33333,0
0.15873,1.33333,0
0.190476,1.33333,0
0.222222,1.33333,0
0.253968,1.33333,0
0.285714,1.33333,0
0.31746,1.33333,0
0.349206,1.33333,0
0.380952,1.33333,0
0.412698,1.33333,0
0.444444,1.33333,0
0.47619,1.33333,0
0.507937,1.33333,0
0.539683,1.33333,0
0.571429,1.33333,0
0.603175,1.33333,0
0.634921,1.33333,0
0.666667,1.33333,0
0.698413,1.33333,0
0.730159,1.33333,0
0.761905,1.33333,0
0.793651,1.33333,0
0.825397,1.33333,0
0.857143,1.33333,0
0.888889,1.33333,0
0.920635,1.33333,0
0.952381,1.33333,0
0.984127,1.33333,0.0100756
1.01587,1.33333,0.0273772
1.04762,1.33333,0.0492063
1.07937,1.33333,0.0809524
1.11111,1.33333,0.112698
1.14286,1.33333,0.144444
1.1746,1.33333,0.17619
1.20635,1.33333,0.207937
1.2381,1.33333,0.239683
1.26984,1.33333,0.271429
1.30159,1.33333,0.303175
1.33333,1.33333,0.334921
1.36508,1.33333,0.366667
1.39683,1.33333,0.398413
1.42857,1.33333,0.430159
1.46032,1.33333,0.461905
1.49206,1.33333,0.493651
1.52381,1.33333,0.525397
1.55556,1.33333,0.557143
1.5873,1.33333,0.588889
1.61905,1.33333,0.620635
1.65079,1.33333,0.652381
1.68254,1.33333,0.684127
1.71429,1.33333,0.715873
1.74603,1.33333,0.747619
1.77778,1.33333,0.779365
1.80952,1.33333,0.811111
1.84127,1.33333,0.842857
1.87302,1.33333,0.874603
1.90476,1.33333,0.906349
1.93651,1.33333,0.938095
1.96825,1.33333,0.969841
2,1.33333,1.09516
0,1.36508,0
0.031746,1.36508,0
0.0634921,1.36508,0
0.0952381,1.36508,0
0.126984,1.36508,0
0.15873,1.36508,0
0.190476,1.36508,0
0.222222,1.36508,0
0.253968,1.36508,0
0.285714,1.36508,0
0.31746,1.36508,0
0.349206,1.36508,0
0.380952,1.36508,0
0.412698,1.36508,0
0.444444,1.36508,0
0.47619,1.36508,0
0.507937,1.36508,0
0.539683,1.36508,0
0.571429,1.36508,0
0.603175,1.36508,0
0.634921,1.36508,0
0.666667,1.36508,0
0.698413,1.36508,0
0.730159,1.36508,0
0.761905,1.36508,0
0.793651,1.36508,0
0.825397,1.36508,0
0.857143,1.36508,0
0.888889,1.36508,0
0.920635,1.36508,0
0.952381,1.36508,0
0.984127,1.36508,0.0100756
1.01587,1.36508,0.0273772
1.04762,1.36508,0.0492063
1.07937,1.36508,0.0809524
1.11111,1.36508,0.112698
1.14286,1.36508,0.144444
1.1746,1.36508,0.17619
1.20635,1.36508,0.207937
1.2381,1.36508,0.239683
1.26984,1.36508,0.271429
1.30159,1.36508,0.303175
1.33333,1.36508,0.334921
1.36508,1.36508,0.366667
1.39683,1.36508,0.398413
1.42857,1.36508,0.430159
1.46032,1.36508,0.461905
1.49206,1.36508,0.493651
1.52381,1.36508,0.525397
1.55556,1.36508,0.557143
1.5873,1.36508,0.588889
1.61905,1.36508,0.620635
1.65079,1.36508,0.652381
1.68254,1.36508,0.684127
1.71429,1.36508,0.715873
1.74603,1.36508,0.747619
1.77778,1.36508,0.779365
1.80952,1.36508,0.811111
1.84127,1.36508,0.842857
1.87302,1.36508,0.874603
1.90476,1.36508,0.906349
1.93651,1.36508,0.938095
1.96825,1.36508,0.969841
2,1.36508,1.09516
0,1.39683,0
0.031746,1.39683,0
0.0634921,1.39683,0
0.0952381,1.39683,0
0.126984,1.39683,0
0.15873,1.39683,0
0.190476,1.39683,0
0.222222,1.39683,0
0.253968,1.39683,0
0.285714,1.39683,0
0.31746,1.39683,0
0.349206,1.39683,0
0.380952,1.39683,0
0.412698,1.39683,0
0.444444,1.39683,0
0.47619,1.39683,0
0.507937,1.39683,0
0.539683,1.39683,0
0.571429,1.39683,0
0.603175,1.39683,0
0.634921,1.39683,0
0.666667,1.39683,0
0.698413,1.39683,0
0.730159,1.39683,0
0.761905,1.39683,0
0.793651,1.39683,0
0.825397,1.39683,0
0.857143,1.39683,0
0.888889,1.39683,0
0.920635,1.39683,0
0.952381,1.39683,0
0.984127,1.39683,0.0100756
1.01587,1.39683,0.0273772
1.04762,1.39683,0.0492063
1.07937,1.39683,0.0809524
1.11111,1.39683,0.112698
1.14286,1.39683,0.144444
1.1746,1.39683,0.17619
1.20635,1.39683,0.207937
1.2381,1.39683,0.239683
1.26984,1.39683,0.271429
1.30159,1.39683,0.303175
1.33333,1.39683,0.334921
1.36508,1.39683,0.366667
1.39683,1.39683,0.398413
1.42857,1.39683,0.430159
1.46032,1.39683,0.461905
1.49206,1.39683,0.493651
1.52381,1.39683,0.525397
1.55556,1.39683,0.557143
1.5873,1.39683,0.588889
1.61905,1.39683,0.620635
1.65079,1.39683,0.652381
1.68254,1.39683,0.684127
1.71429,1.39683,0.715873
1.74603,1.39683,0.747619
1.77778,1.39683,0.779365
1.80952,1.39683,0.811111
1.84127,1.39683,0.842857
1.87302,1.39683,0.874603
1.90476,1.39683,0.906349
1.93651,1.39683,0.938095
1.96825,1.39683,0.969841
2,1.39683,1.09516
0,1.42857,0
0.031746,1.42857,0
0.0634921,1.42857,0
0.0952381,1.42857,0
0.126984,1.42857,0
0.15873,1.42857,0
0.190476,1.42857,0
0.222222,1.42857,0
0.253968,1.42857,0
0.285714,1.42857,0
0.31746,1.42857,0
0.349206,1.42857,0
0.380952,1.42857,0
0.412698,1.42857,0
0.444444,1.42857,0
0.47619,1.42857,0
0.507937,1.42857,0
0.539683,1.42857,0
0.571429,1.42857,0
0.603175,1.42857,0
0.634921,1.42857,0
0.666667,1.42857,0
0.698413,1.42857,0
0.730159,1.42857,0
0.761905,1.42857,0
0.793651,1.42857,0
0.825397,1.42857,0
0.857143,1.42857,0
0.888889,1.42857,0
0.920635,1.42857,0
0.952381,1.42857,0
0.984127,1.42857,0.0100756
1.01587,1.42857,0.0273772
1.04762,1.42857,0.0492063
1.07937,1.42857,0.0809524
1.11111,1.42857,0.112698
1.14286,1.42857,0.144444
1.1746,1.42857,0.17619
1.20635,1.42857,0.207937
1.2381,1.42857,0.239683
1.26984,1.42857,0.271429
1.30159,1.42857,0.303175
1.33333,1.42857,0.334921
1.36508,1.42857,0.366667
1.39683,1.42857,0.398413
1.42857,1.42857,0.430159
1.46032,1.42857,0.461905
1.49206,1.42857,0.493651
1.52381,1.42857,0.525397
1.55556,1.42857,0.557143
1.5873,1.42857,0.588889
1.61905,1.42857,0.620635
1.65079,1.42857,0.652381
1.68254,1.42857,0.684127
1.71429,1.42857,0.715873
1.74603,1.42857,0.747619
1.77778,1.42857,0.779365
1.80952,1.42857,0.811111
1.84127,1.42857,0.842857
1.87302,1.42857,0.874603
1.90476,1.42857,0.906349
1.93651,1.42857,0.938095
1.96825,1.42857,0.969841
2,1.42857,1.09516
0,1.46032,0
0.031746,1.46032,0
0.0634921,1.46032,0
0.0952381,1.46032,0
0.126984,1.46032,0
0.15873,1.46032,0
0.190476,1.46032,0
0.222222,1.46032,0
0.253968,1.46032,0
0.285714,1.46032,0
0.31746,1.46032,0
0.349206,1.46032,0
0.380952,1.46032,0
0.412698,1.46032,0
0.444444,1.46032,0
0.47619,1.46032,0
0.507937,1.46032,0
0.539683,1.46032,0
0.571429,1.46032,0
0.603175,1.46032,0
0.634921,1.46032,0
0.666667,1.46032,0
0.698413,1.46032,0
0.730159,1.46032,0
0.761905,1.46032,0
0.793651,1.46032,0
0.825397,1.46032,0
0.857143,1.46032,0
0.888889,1.46032,0
0.920635,1.46032,0
0.952381,1.46032,0
0.984127,1.46032,0.0100756
1.01587,1.46032,0.0273772
1.04762,1.46032,0.0492063
1.07937,1.46032,0.0809524
1.11111,1.46032,0.112698
1.14286,1.46032,0.144444
1.1746,1.46032,0.17619
1.20635,1.46032,0.207937
1.2381,1.46032,0.239683
1.26984,1.46032,0.271429
1.30159,1.46032,0.303175
1.33333,1.46032,0.334921
1.36508,1.46032,0.366667
1.39683,1.46032,0.398413
1.42857,1.46032,0.430159
1.46032,1.46032,0.461905
1.49206,1.46032,0.493651
1.52381,1.46032,0.525397
1.55556,1.46032,0.557143
1.5873,1.46032,0.588889
1.61905,1.46032,0.620635
1.65079,1.46032,0.652381
1.68254,1.46032,0.684127
1.71429,1.46032,0.715873
1.74603,1.46032,0.747619
1.77778,1.46032,0.779365
1.80952,1.46032,0.811111
1.84127,1.46032,0.842857
1.87302,1.46032,0.874603
1.90476,1.46032,0.906349
1.93651,1.46032,0.938095
1.96825,1.46032,0.969841
2,1.46032,1.09516
0,1.49206,0
0.031746,1.49206,0
0.0634921,1.49206,0
0.0952381,1.49206,0
0.126984,1.49206,0
0.15873,1.49206,0
0.190476,1.49206,0
0.222222,1.49206,0
0.253968,1.49206,0
0.285714,1.49206,0
0.31746,1.49206,0
0.349206,1.49206,0
0.380952,1.49206,0
0.412698,1.49206,0
0.444444,1.49206,0
0.47619,1.49206,0
0.507937,1.49206,0
0.539683,1.49206,0
0.571429,1.49206,0
0.603175,1.49206,0
0.634921,1.49206,0
0.666667,1.49206,0
0.698413,1.49206,0
0.730159,1.49206,0
0.761905,1.49206,0
0.793651,1.49206,0
0.825397,1.49206,0
0.857143,1.49206,0
0.888889,1.49206,0
0.920635,1.49206,0
0.952381,1.49206,0
0.984127,1.49206,0.0100756
1.01587,1.49206,0.0273772
1.04762,1.49206,0.0492063
1.07937,1.49206,0.0809524
1.11111,1.49206,0.112698
1.14286,1.49206,0.144444
1.1746,1.49206,0.17619
1.20635,1.49206,0.207937
1.2381,1.49206,0.239683
1.26984,1.49206,0.271429
1.30159,1.49206,0.303175
1.33333,1.49206,0.334921
1.36508,1.49206,0.366667
1.39683,1.49206,0.398413
1.42857,1.49206,0.430159
1.46032,1.49206,0.461905
1.49206,1.49206,0.493651
1.52381,1.49206,0.525397
1.55556,1.49206,0.557143
1.5873,1.49206,0.588889
1.61905,1.49206,0.620635
1.65079,1.49206,0.652381
1.68254,1.49206,0.684127
1.71429,1.49206,0.715873
1.74603,1.49206,0.747619
1.77778,1.49206,0.779365
1.80952,1.49206,0.811111
1.84127,1.49206,0.842857
1.87302,1.49206,0.874603
1.90476,1.49206,0.906349
1.93651,1.49206,0.938095
1.96825,1.49206,0.969841
2,1.49206,1.09516
0,1.52381,0
0.031746,1.52381,0
0.0634921,1.52381,0
0.0952381,1.52381,0
0.126984,1.52381,0
0.15873,1.52381,0
0.190476,1.52381,0
0.222222,1.52381,0
0.253968,1.52381,0
0.285714,1.52381,0
0.31746,1.52381,0
0.349206,1.52381,0
0.380952,1.52381,0
0.412698,1.52381,0
0.444444,1.52381,0
0.47619,1.52381,0
0.507937,1.52381,0
0.539683,1.52381,0
0.571429,1.52381,0
0.603175,1.52381,0
0.634921,1.52381,0
0.666667,1.52381,0
0.698413,1.52381,0
0.730159,1.52381,0
0.761905,1.52381,0
0.793651,1.52381,0
0.825397,1.52381,0
0.857143,1.52381,0
0.888889,1.52381,0
0.920635,1.52381,0
0.952381,1.52381,0
0.984127,1.52381,0.0100756
1.01587,1.52381,0.0273772
1.04762,1.52381,0.0492063
1.07937,1.52381,0.0809524
1.11111,1.52381,0.112698
1.14286,1.52381,0.144444
1.1746,1.52381,0.17619
1.20635,1.52381,0.207937
1.2381,1.52381,0.239683
1.26984,1.52381,0.271429
1.30159,1.52381,0.303175
1.33333,1.52381,0.334921
1.36508,1.52381,0.366667
1.39683,1.52381,0.398413
1.42857,1.52381,0.430159
1.46032,1.52381,0.461905
1.49206,1.52381,0.493651
1.52381,1.52381,0.525397
1.55556,1.52381,0.557143
1.5873,1.52381,0.588889
1.61905,1.52381,0.620635
1.65079,1.52381,0.652381
1.68254,1.52381,0.684127
1.71429,1.52381,0.715873
1.74603,1.52381,0.747619
1.77778,1.52381,0.779365
1.80952,1.52381,0.811111
1.84127,1.52381,0.842857
1.87302,1.52381,0.874603
1.90476,1.52381,0.906349
1.93651,1.52381,0.938095
1.96825,1.52381,0.969841
2,1.52381,1.09516
0,1.55556,0
0.031746,1.55556,0
0.0634921,1.55556,0
0.0952381,1.55556,0
0.126984,1.55556,0
0.15873,1.55556,0
0.190476,1.55556,0
0.222222,1.55556,0
0.253968,1.55556,0
0.285714,1.55556,0
0.31746,1.55556,0
0.349206,1.55556,0
0.380952,1.55556,0
0.412698,1.55556,0
0.444444,1.55556,0
0.47619,1.55556,0
0.507937,1.55556,0
0.539683,1.55556,0
0.571429,1.55556,0
0.603175,1.55556,0
0.634921,1.55556,0
0.666667,1.55556,0
0.698413,1.55556,0
0.730159,1.55556,0
0.761905,1.55556,0
0.793651,1.55556,0
0.825397,1.55556,0
0.857143,1.55556,0
0.888889,1.55556,0
0.920635,1.55556,0
0.952381,1.55556,0
0.984127,1.55556,0.0100756
1.01587,1.55556,0.0273772
1.04762,1.55556,0.0492063
1.07937,1.55556,0.0809524
1.11111,1.55556,0.112698
1.14286,1.55556,0.144444
1.1746,1.55556,0.17619
1.20635,1.55556,0.207937
1.2381,1.55556,0.239683
1.26984,1.55556,0.271429
1.30159,1.55556,0.303175
1.33333,1.55556,0.334921
1.36508,1.55556,0.366667
1.39683,1.55556,0.398413
1.42857,1.55556,0.430159
1.46032,1.55556,0.461905
1.49206,1.55556,0.493651
1.52381,1.55556,0.525397
1.55556,1.55556,0.557143
1.5873,1.55556,0.588889
1.61905,1.55556,0.620635
1.65079,1.55556,0.652381
1.68254,1.55556,0.684127
1.71429,1.55556,0.715873
1.74603,1.55556,0.747619
1.77778,1.55556,0.779365
1.80952,1.55556,0.811111
1.84127,1.55556,0.842857
1.87302,1.55556,0.874603
1.90476,1.55556,0.906349
1.93651,1.55556,0.938095
1.96825,1.55556,0.969841
2,1.55556,1.09516
0,1.5873,0
0.031746,1.5873,0
0.0634921,1.5873,0
0.0952381,1.5873,0
0.126984,1.5873,0
0.15873,1.5873,0
0.190476,1.5873,0
0.222222,1.5873,0
0.253968,1.5873,0
0.285714,1.5873,0
0.31746,1.5873,0
0.349206,1.5873,0
0.380952,1.5873,0
0.412698,1.5873,0
0.444444,1.5873,0
0.47619,1.5873,0
0.507937,1.5873,0
0.539683,1.5873,0
0.571429,1.5873,0
0.603175,1.5873,0
0.634921,1.5873,0
0.666667,1.5873,0
0.698413,1.5873,0
0.730159,1.5873,0
0.761905,1.5873,0
0.793651,1.5873,0
0.825397,1.5873,0
0.857143,1.5873,0
0.888889,1.5873,0
0.920635,1.5873,0
0.952381,1.5873,0
0.984127,1.5873,0.0100756
1.01587,1.5873,0.0273772
1.04762,1.5873,0.0492063
1.07937,1.5873,0.0809524
1.11111,1.5873,0.112698
1.14286,1.5873,0.144444
1.1746,1.5873,0.17619
1.20635,1.5873,0.207937
1.2381,1.5873,0.239683
1.26984,1.5873,0.271429
1.30159,1.5873,0.303175
1.33333,1.5873,0.334921
1.36508,1.5873,0.366667
1.39683,1.5873,0.398413
1.42857,1.5873,0.430159
1.46032,1.5873,0.461905
1.49206,1.5873,0.493651
1.52381,1.5873,0.525397
1.55556,1.5873,0.557143
1.5873,1.5873,0.588889
1.61905,1.5873,0.620635
1.65079,1.5873,0.652381
1.68254,1.5873,0.684127
1.71429,1.5873,0.715873
1.74603,1.5873,0.747619
1.77778,1.5873,0.779365
1.80952,1.5873,0.811111
1.84127,1.5873,0.842857
1.87302,1.5873,0.874603
1.90476,1.5873,0.906349
1.93651,1.5873,0.938095
1.96825,1.5873,0.969841
2,1.5873,1.09516
0,1.61905,0
0.031746,1.61905,0
0.0634921,1.61905,0
0.0952381,1.61905,0
0.126984,1.61905,0
0.15873,1.61905,0
0.190476,1.61905,0
0.222222,1.61905,0
0.253968,1.61905,0
0.285714,1.61905,0
0.31746,1.61905,0
0.349206,1.61905,0
0.380952,1.61905,0
0.412698,1.61905,0
0.444444,1.61905,0
0.47619,1.61905,0
0.507937,1.61905,0
0.539683,1.61905,0
0.571429,1.61905,0
0.603175,1.61905,0
0.634921,1.61905,0
0.666667,1.61905,0
0.698413,1.61905,0
0.730159,1.61905,0
0.761905,1.61905,0
0.793651,1.61905,0
0.825397,1.61905,0
0.857143,1.61905,0
0.888889,1.61905,0
0.920635,1.61905,0
0.952381,1.61905,0
0.984127,1.61905,0.0100756
1.01587,1.61905,0.0273772
1.04762,1.61905,0.0492063
1.07937,1.61905,0.0809524
1.11111,1.61905,0.112698
1.14286,1.61905,0.144444
1.1746,1.61905,0.17619
1.20635,1.61905,0.207937
1.2381,1.61905,0.239683
1.26984,1.61905,0.271429
1.30159,1.61905,0.303175
1.33333,1.61905,0.334921
1.36508,1.61905,0.366667
1.39683,1.61905,0.398413
1.42857,1.61905,0.430159
1.46032,1.61905,0.461905
1.49206,1.61905,0.493651
1.52381,1.61905,0.525397
1.55556,1.61905,0.557143
1.5873,1.61905,0.588889
1.61905,1.61905,0.620635
1.65079,1.61905,0.652381
1.68254,1.61905,0.684127
1.71429,1.61905,0.715873
1.74603,1.61905,0.747619
1.77778,1.61905,0.779365
1.80952,1.61905,0.811111
1.84127,1.61905,0.842857
1.87302,1.61905,0.874603
1.90476,1.61905,0.906349
1.93651,1.61905,0.938095
1.96825,1.61905,0.969841
2,1.61905,1.09516
0,1.65079,0
0.031746,1.65079,0
0.0634921,1.65079,0
0.0952381,1.65079,0
0.126984,1.65079,0
0.15873,1.65079,0
0.190476,1.65079,0
0.222222,1.65079,0
0.253968,1.65079,0
0.285714,1.65079,0
0.31746,1.65079,0
0.349206,1.65079,0
0.380952,1.65079,0
0.412698,1.65079,0
0.444444,1.65079,0
0.47619,1.65079,0
0.507937,1.65079,0
0.539683,1.65079,0
0.571429,1.65079,0
0.603175,1.65079,0
0.634921,1.65079,0
0.666667,1.65079,0
0.698413,1.65079,0
0.730159,1.65079,0
0.761905,1.65079,0
0.793651,1.65079,0
0.825397,1.65079,0
0.857143,1.65079,0
0.888889,1.65079,0
0.920635,1.65079,0
0.952381,1.65079,0
0.984127,1.65079,0.0100756
1.01587,1.65079,0.0273772
1.04762,1.65079,0.0492063
1.07937,1.65079,0.0809524
1.11111,1.65079,0.112698
1.14286,1.65079,0.144444
1.1746,1.65079,0.17619
1.20635,1.65079,0.207937
1.2381,1.65079,0.239683
1.26984,1.65079,0.271429
1.30159,1.65079,0.303175
1.33333,1.65079,0.334921
1.36508,1.65079,0.366667
1.39683,1.65079,0.398413
1.42857,1.65079,0.430159
1.46032,1.65079,0.461905
1.49206,1.65079,0.493651
1.52381,1.65079,0.525397
1.55556,1.65079,0.557143
1.5873,1.65079,0.588889
1.61905,1.65079,0.620635
1.65079,1.65079,0.652381
1.68254,1.65079,0.684127
1.71429,1.65079,0.715873
1.74603,1.65079,0.747619
1.77778,1.65079,0.779365
1.80952,1.65079,0.811111
1.84127,1.65079,0.842857
1.87302,1.65079,0.874603
1.90476,1.65079,0.906349
1.93651,1.65079,0.938095
1.96825,1.65079,0.969841
2,1.65079,1.09516
0,1.68254,0
0.031746,1.68254,0
0.0634921,1.68254,0
0.0952381,1.68254,0
0.126984,1.68254,0
0.15873,1.68254,0
0.190476,1.68254,0
0.222222,1.68254,0
0.253968,1.68254,0
0.285714,1.68254,0
0.31746,1.68254,0
0.349206,1.68254,0
0.380952,1.68254,0
0.412698,1.68254,0
0.444444,1.68254,0
0.47619,1.68254,0
0.507937,1.68254,0
0.539683,1.68254,0
0.571429,1.68254,0
0.603175,1.68254,0
0.634921,1.68254,0
0.666667,1.68254,0
0.698413,1.68254,0
0.730159,1.68254,0
0.761905,1.68254,0
0.793651,1.68254,0
0.825397,1.68254,0
0.857143,1.68254,0
0.888889,1.68254,0
0.920635,1.68254,0
0.952381,1.68254,0
0.984127,1.68254,0.0100756
1.01587,1.68254,0.0273772
1.04762,1.68254,0.0492063
1.07937,1.68254,0.0809524
1.11111,1.68254,0.112698
1.14286,1.68254,0.144444
1.1746,1.68254,0.17619
1.20635,1.68254,0.207937
1.2381,1.68254,0.239683
1.26984,1.68254,0.271429
1.30159,1.68254,0.303175
1.33333,1.68254,0.334921
1.36508,1.68254,0.366667
1.39683,1.68254,0.398413
1.42857,1.68254,0.430159
1.46032,1.68254,0.461905
1.49206,1.68254,0.493651
1.52381,1.68254,0.525397
1.55556,1.68254,0.557143
1.5873,1.68254,0.588889
1.61905,1.68254,0.620635
1.65079,1.68254,0.652381
1.68254,1.68254,0.684127
1.71429,1.68254,0.715873
1.74603,1.68254,0.747619
1.77778,1.68254,0.779365
1.80952,1.68254,0.811111
1.84127,1.68254,0.842857
1.87302,1.68254,0.874603
1.90476,1.68254,0.906349
1.93651,1.68254,0.938095
1.96825,1.68254,0.969841
2,1.68254,1.09516
0,1.71429,0
0.031746,1.71429,0
0.0634921,1.71429,0
0.0952381,1.71429,0
0.126984,1.71429,0
0.15873,1.71429,0
0.190476,1.71429,0
0.222222,1.71429,0
0.253968,1.71429,0
0.285714,1.71429,0
0.31746,1.71429,0
0.349206,1.71429,0
0.380952,1.71429,0
0.412698,1.71429,0
0.444444,1.71429,0
0.47619,1.71429,0
0.507937,1.71429,0
0.539683,1.71429,0
0.571429,1.71429,0
0.603175,1.71429,0
0.634921,1.71429,0
0.666667,1.71429,0
0.698413,1.71429,0
0.730159,1.71429,0
0.761905,1.71429,0
0.793651,1.71429,0
0.825397,1.71429,0
0.857143,1.71429,0
0.888889,1.71429,0
0.920635,1.71429,0
0.952381,1.71429,0
0.984127,1.71429,0.0100756
1.01587,1.71429,0.0273772
1.04762,1.71429,0.0492063
1.07937,1.71429,0.0809524
1.11111,1.71429,0.112698
1.14286,1.71429,0.144444
1.1746,1.71429,0.17619
1.20635,1.71429,0.207937
1.2381,1.71429,0.239683
1.26984,1.71429,0.271429
1.30159,1.71429,0.303175
1.33333,1.71429,0.334921
1.36508,1.71429,0.366667
1.39683,1.71429,0.398413
1.42857,1.71429,0.430159
1.46032,1.71429,0.461905
1.49206,1.71429,0.493651
1.52381,1.71429,0.525397
1.55556,1.71429,0.557143
1.5873,1.71429,0.588889
1.61905,1.71429,0.620635
1.65079,1.71429,0.652381
1.68254,1.71429,0.684127
1.71429,1.71429,0.715873
1.74603,1.71429,0.747619
1.77778,1.71429,0.779365
1.80952,1.71429,0.811111
1.84127,1.71429,0.842857
1.87302,1.71429,0.874603
1.90476,1.71429,0.906349
1.93651,1.71429,0.938095
1.96825,1.71429,0.969841
2,1.71429,1.09516
0,1.74603,0
0.031746,1.74603,0
0.0634921,1.74603,0
0.0952381,1.74603,0
0.126984,1.74603,0
0.15873,1.74603,0
0.190476,1.74603,0
0.222222,1.74603,0
0.253968,1.74603,0
0.285714,1.74603,0
0.31746,1.74603,0
0.349206,1.74603,0
0.380952,1.74603,0
0.412698,1.74603,0
0.444444,1.74603,0
0.47619,1.74603,0
0.507937,1.74603,0
0.539683,1.74603,0
0.571429,1.74603,0
0.603175,1.74603,0
0.634921,1.74603,0
0.666667,1.74603,0
0.698413,1.74603,0
0.730159,1.74603,0
0.761905,1.74603,0
0.793651,1.74603,0
0.825397,1.74603,0
0.857143,1.74603,0
0.888889,1.74603,0
0.920635,1.74603,0
0.952381,1.74603,0
0.984127,1.74603,0.0100756
1.01587,1.74603,0.0273772
1.04762,1.74603,0.0492063
1.07937,1.74603,0.0809524
1.11111,1.74603,0.112698
1.14286,1.74603,0.144444
1.1746,1.74603,0.17619
1.20635,1.74603,0.207937
1.2381,1.74603,0.239683
1.26984,1.74603,0.271429
1.30159,1.74603,0.303175
1.33333,1.74603,0.334921
1.36508,1.74603,0.366667
1.39683,1.74603,0.398413
1.42857,1.74603,0.430159
1.46032,1.74603,0.461905
1.49206,1.74603,0.493651
1.52381,1.74603,0.525397
1.55556,1.74603,0.557143
1.5873,1.74603,0.588889
1.61905,1.74603,0.620635
1.65079,1.74603,0.652381
1.68254,1.74603,0.684127
1.71429,1.74603,0.715873
1.74603,1.74603,0.747619
1.77778,1.74603,0.779365
1.80952,1.74603,0.811111
1.84127,1.74603,0.842857
1.87302,1.74603,0.874603
1.90476,1.74603,0.906349
1.93651,1.74603,0.938095
1.96825,1.74603,0.969841
2,1.74603,1.09516
0,1.77778,0
0.031746,1.77778,0
0.0634921,1.77778,0
0.0952381,1.77778,0
0.126984,1.77778,0
0.15873,1.77778,0
0.190476,1.77778,0
0.222222,1.77778,0
0.253968,1.77778,0
0.285714,1.77778,0
0.31746,1.77778,0
0.349206,1.77778,0
0.380952,1.77778,0
0.412698,1.77778,0
0.444444,1.77778,0
0.47619,1.77778,0
0.507937,1.77778,0
0.539683,1.77778,0
0.571429,1.77778,0
0.603175,1.77778,0
0.634921,1.77778,0
0.666667,1.77778,0
0.698413,1.77778,0
0.730159,1.77778,0
0.761905,1.77778,0
0.793651,1.77778,0
0.825397,1.77778,0
0.857143,1.77778,0
0.888889,1.77778,0
0.920635,1.77778,0
0.952381,1.77778,0
0.984127,1.77778,0.0100756
1.01587,1.77778,0.0273772
1.04762,1.77778,0.0492063
1.07937,1.77778,0.0809524
1.11111,1.77778,0.112698
1.14286,1.77778,0.144444
1.1746,1.77778,0.17619
1.20635,1.77778,0.207937
1.2381,1.77778,0.239683
1.26984,1.77778,0.271429
1.30159,1.77778,0.303175
1.33333,1.77778,0.334921
1.36508,1.77778,0.366667
1.39683,1.77778,0.398413
1.42857,1.77778,0.430159
1.46032,1.77778,0.461905
1.49206,1.77778,0.493651
1.52381,1.77778,0.525397
1.55556,1.77778,0.557143
1.5873,1.77778,0.588889
1.61905,1.77778,0.620635
1.65079,1.77778,0.652381
1.68254,1.77778,0.684127
1.71429,1.77778,0.715873
1.74603,1.77778,0.747619
1.77778,1.77778,0.779365
1.80952,1.77778,0.811111
1.84127,1.77778,0.842857
1.87302,1.77778,0.874603
1.90476,1.77778,0.906349
1.93651,1.77778,0.938095
1.96825,1.77778,0.969841
2,1.77778,1.09516
0,1.80952,0
0.031746,1.80952,0
0.0634921,1.80952,0
0.0952381,1.80952,0
0.126984,1.80952,0
0.15873,1.80952,0
0.190476,1.80952,0
0.222222,1.80952,0
0.253968,1.80952,0
0.285714,1.80952,0
0.31746,1.80952,0
0.349206,1.80952,0
0.380952,1.80952,0
0.412698,1.80952,0
0.444444,1.80952,0
0.47619,1.80952,0
0.507937,1.80952,0
0.539683,1.80952,0
0.571429,1.80952,0
0.603175,1.80952,0
0.634921,1.80952,0
0.666667,1.80952,0
0.698413,1.80952,0
0.730159,1.80952,0
0.761905,1.80952,0
0.793651,1.80952,0
0.825397,1.80952,0
0.857143,1.80952,0
0.888889,1.80952,0
0.920635,1.80952,0
0.952381,1.80952,0
0.984127,1.80952,0.0100756
1.01587,1.80952,0.0273772
1.04762,1.80952,0.0492063
1.07937,1.80952,0.0809524
1.11111,1.80952,0.112698
1.14286,1.80952,0.144444
1.1746,1.80952,0.17619
1.20635,1.80952,0.207937
1.2381,1.80952,0.239683
1.26984,1.80952,0.271429
1.30159,1.80952,0.303175
1.33333,1.80952,0.334921
1.36508,1.80952,0.366667
1.39683,1.80952,0.398413
1.42857,1.80952,0.430159
1.46032,1.80952,0.461905
1.49206,1.80952,0.493651
1.52381,1.80952,0.525397
1.55556,1.80952,0.557143
1.5873,1.80952,0.588889
1.61905,1.80952,0.620635
1.65079,1.80952,0.652381
1.68254,1.80952,0.684127
1.71429,1.80952,0.715873
1.74603,1.80952,0.747619
1.77778,1.80952,0.779365
1.80952,1.80952,0.811111
1.84127,1.80952,0.842857
1.87302,1.80952,0.874603
1.90476,1.80952,0.906349
1.93651,1.80952,0.938095
1.96825,1.80952,0.969841
2,1.80952,1.09516
0,1.84127,0
0.031746,1.84127,0
0.0634921,1.84127,0
0.0952381,1.84127,0
0.126984,1.84127,0
0.15873,1.84127,0
0.190476,1.84127,0
0.222222,1.84127,0
0.253968,1.84127,0
0.285714,1.84127,0
0.31746,1.84127,0
0.349206,1.84127,0
0.380952,1.84127,0
0.412698,1.84127,0
0.444444,1.84127,0
0.47619,1.84127,0
0.507937,1.84127,0
0.539683,1.84127,0
0.571429,1.84127,0
0.603175,1.84127,0
0.634921,1.84127,0
0.666667,1.84127,0
0.698413,1.84127,0
0.730159,1.84127,0
0.761905,1.84127,0
0.793651,1.84127,0
0.825397,1.84127,0
0.857143,1.84127,0
0.888889,1.84127,0
0.920635,1.84127,0
0.952381,1.84127,0
0.984127,1.84127,0.0100756
1.01587,1.84127,0.0273772
1.04762,1.84127,0.0492063
1.07937,1.84127,0.0809524
1.11111,1.84127,0.112698
1.14286,1.84127,0.144444
1.1746,1.84127,0.17619
1.20635,1.84127,0.207937
1.2381,1.84127,0.239683
1.26984,1.84127,0.271429
1.30159,1.84127,0.303175
1.33333,1.84127,0.334921
1.36508,1.84127,0.366667
1.39683,1.84127,0.398413
1.42857,1.84127,0.430159
1.46032,1.84127,0.461905
1.49206,1.84127,0.493651
1.52381,1.84127,0.525397
1.55556,1.84127,0.557143
1.5873,1.84127,0.588889
1.61905,1.84127,0.620635
1.65079,1.84127,0.652381
1.68254,1.84127,0.684127
1.71429,1.84127,0.715873
1.74603,1.84127,0.747619
1.77778,1.84127,0.779365
1.80952,1.84127,0.811111
1.84127,1.84127,0.842857
1.87302,1.84127,0.874603
1.90476,1.84127,0.906349
1.93651,1.84127,0.938095
1.96825,1.84127,0.969841
2,1.84127,1.09516
0,1.87302,0
0.031746,1.87302,0
0.0634921,1.87302,0
0.0952381,1.87302,0
0.126984,1.87302,0
0.15873,1.87302,0
0.190476,1.87302,0
0.222222,1.87302,0
0.253968,1.87302,0
0.285714,1.87302,0
0.31746,1.87302,0
0.349206,1.87302,0
0.380952,1.87302,0
0.412698,1.87302,0
0.444444,1.87302,0
0.47619,1.87302,0
0.507937,1.87302,0
0.539683,1.87302,0
0.571429,1.87302,0
0.603175,1.87302,0
0.634921,1.87302,0
0.666667,1.87302,0
0.698413,1.87302,0
0.730159,1.87302,0
0.761905,1.87302,0
0.793651,1.87302,0
0.825397,1.87302,0
0.857143,1.87302,0
0.888889,1.87302,0
0.920635,1.87302,0
0.952381,1.87302,0
0.984127,1.87302,0.0100756
1.01587,1.87302,0.0273772
1.04762,1.87302,0.0492063
1.07937,1.87302,0.0809524
1.11111,1.87302,0.112698
1.14286,1.87302,0.144444
1.1746,1.87302,0.17619
1.20635,1.87302,0.207937
1.2381,1.87302,0.239683
1.26984,1.87302,0.271429
1.30159,1.87302,0.303175
1.33333,1.87302,0.334921
1.36508,1.87302,0.366667
1.39683,1.87302,0.398413
1.42857,1.87302,0.430159
1.46032,1.87302,0.461905
1.49206,1.87302,0.493651
1.52381,1.87302,0.525397
1.55556,1.87302,0.557143
1.5873,1.87302,0.588889
1.61905,1.87302,0.620635
1.65079,1.87302,0.652381
1.68254,1.87302,0.684127
1.71429,1.87302,0.715873
1.74603,1.87302,0.747619
1.77778,1.87302,0.779365
1.80952,1.87302,0.811111
1.84127,1.87302,0.842857
1.87302,1.87302,0.874603
1.90476,1.87302,0.906349
1.93651,1.87302,0.938095
1.96825,1.87302,0.969841
2,1.87302,1.09516
0,1.90476,0
0.031746,1.90476,0
0.0634921,1.90476,0
0.0952381,1.90476,0
0.126984,1.90476,0
0.15873,1.90476,0
0.190476,1.90476,0
0.222222,1.90476,0
0.253968,1.90476,0
0.285714,1.90476,0
0.31746,1.90476,0
0.349206,1.90476,0
0.380952,1.90476,0
0.412698,1.90476,0
0.444444,1.90476,0
0.47619,1.90476,0
0.507937,1.90476,0
0.539683,1.90476,0
0.571429,1.90476,0
0.603175,1.90476,0
0.634921,1.90476,0
0.666667,1.90476,0
0.698413,1.90476,0
0.730159,1.90476,0
0.761905,1.90476,0
0.793651,1.90476,0
0.825397,1.90476,0
0.857143,1.90476,0
0.888889,1.90476,0
0.920635,1.90476,0
0.952381,1.90476,0
0.984127,1.90476,0.0100756
1.01587,1.90476,0.0273772
1.04762,1.90476,0.0492063
1.07937,1.90476,0.0809524
1.11111,1.90476,0.112698
1.14286,1.90476,0.144444
1.1746,1.90476,0.17619
1.20635,1.90476,0.207937
1.2381,1.90476,0.239683
1.26984,1.90476,0.271429
1.30159,1.90476,0.303175
1.33333,1.90476,0.334921
1.36508,1.90476,0.366667
1.39683,1.90476,0.398413
1.42857,1.90476,0.430159
1.46032,1.90476,0.461905
1.49206,1.90476,0.493651
1.52381,1.90476,0.525397
1.55556,1.90476,0.557143
1.5873,1.90476,0.588889
1.61905,1.90476,0.620635
1.65079,1.90476,0.652381
1.68254,1.90476,0.684127
1.71429,1.90476,0.715873
1.74603,1.90476,0.747619
1.77778,1.90476,0.779365
1.80952,1.90476,0.811111
1.84127,1.90476,0.842857
1.87302,1.90476,0.874603
1.90476,1.90476,0.906349
1.93651,1.90476,0.938095
1.96825,1.90476,0.969841
2,1.90476,1.09516
0,1.93651,0
0.031746,1.93651,0
0.0634921,1.93651,0
0.0952381,1.93651,0
0.126984,1.93651,0
0.15873,1.93651,0
0.190476,1.93651,0
0.222222,1.93651,0
0.253968,1.93651,0
0.285714,1.93651,0
0.31746,1.93651,0
0.349206,1.93651,0
0.380952,1.93651,0
0.412698,1.93651,0
0.444444,1.93651,0
0.47619,1.93651,0
0.507937,1.93651,0
0.539683,1.93651,0
0.571429,1.93651,0
0.603175,1.93651,0
0.634921,1.93651,0
0.666667,1.93651,0
0.698413,1.93651,0
0.730159,1.93651,0
0.761905,1.93651,0
0.793651,1.93651,0
0.825397,1.93651,0
0.857143,1.93651,0
0.888889,1.93651,0
0.920635,1.93651,0
0.952381,1.93651,0
0.984127,1.93651,0.0100756
1.01587,1.93651,0.0273772
1.04762,1.93651,0.0492063
1.07937,1.93651,0.0809524
1.11111,1.93651,0.112698
1.14286,1.93651,0.144444
1.1746,1.93651,0.17619
1.20635,1.93651,0.207937
1.2381,1.93651,0.239683
1.26984,1.93651,0.271429
1.30159,1.93651,0.303175
1.33333,1.93651,0.334921
1.36508,1.93651,0.366667
1.39683,1.93651,0.398413
1.42857,1.93651,0.430159
1.46032,1.93651,0.461905
1.49206,1.93651,0.493651
1.52381,1.93651,0.525397
1.55556,1.93651,0.557143
1.5873,1.93651,0.588889
1.61905,1.93651,0.620635
1.65079,1.93651,0.652381
1.68254,1.93651,0.684127
1.71429,1.93651,0.715873
1.74603,1.93651,0.747619
1.77778,1.93651,0.779365
1.80952,1.93651,0.811111
1.84127,1.93651,0.842857
1.87302,1.93651,0.874603
1.90476,1.93651,0.906349
1.93651,1.93651,0.938095
1.96825,1.93651,0.969841
2,1.93651,1.09516
0,1.96825,0
0.031746,1.96825,0
0.0634921,1.96825,0
0.0952381,1.96825,0
0.126984,1.96825,0
0.15873,1.96825,0
0.190476,1.96825,0
0.222222,1.96825,0
0.253968,1.96825,0
0.285714,1.96825,0
0.31746,1.96825,0
0.349206,1.96825,0
0.380952,1.96825,0
0.412698,1.96825,0
0.444444,1.96825,0
0.47619,1.96825,0
0.507937,1.96825,0
0.539683,1.96825,0
0.571429,1.96825,0
0.603175,1.96825,0
0.634921,1.96825,0
0.666667,1.96825,0
0.698413,1.96825,0
0.730159,1.96825,0
0.761905,1.96825,0
0.793651,1.96825,0
0.825397,1.96825,0
0.857143,1.96825,0
0.888889,1.96825,0
0.920635,1.96825,0
0.952381,1.96825,0
0.984127,1.96825,0.0100756
1.01587,1.96825,0.0273772
1.04762,1.96825,0.0492063
1.07937,1.96825,0.0809524
1.11111,1.96825,0.112698
1.14286,1.96825,0.144444
1.1746,1.96825,0.17619
1.20635,1.96825,0.207937
1.2381,1.96825,0.239683
1.26984,1.96825,0.271429
1.30159,1.96825,0.303175
1.33333,1.96825,0.334921
1.36508,1.96825,0.366667
1.39683,1.96825,0.398413
1.42857,1.96825,0.430159
1.46032,1.96825,0.461905
1.49206,1.96825,0.493651
1.52381,1.96825,0.525397
1.55556,1.96825,0.557143
1.5873,1.96825,0.588889
1.61905,1.96825,0.620635
1.65079,1.96825,0.652381
1.68254,1.96825,0.684127
1.71429,1.96825,0.715873
1.74603,1.96825,0.747619
1.77778,1.96825,0.779365
1.80952,1.96825,0.811111
1.84127,1.96825,0.842857
1.87302,1.96825,0.874603
1.90476,1.96825,0.906349
1.93651,1.96825,0.938095
1.96825,1.96825,0.969841
2,1.96825,1.09516
0,2,0
0.031746,2,0
0.0634921,2,0
0.0952381,2,0
0.126984,2,0
0.15873,2,0
0.190476,2,0
0.222222,2,0
0.253968,2,0
0.285714,2,0
0.31746,2,0
0.349206,2,0
0.380952,2,0
0.412698,2,0
0.444444,2,0
0.47619,2,0
0.507937,2,0
0.539683,2,0
0.571429,2,0
0.603175,2,0
0.634921,2,0
0.666667,2,0
0.698413,2,0
0.730159,2,0
0.761905,2,0
0.793651,2,0
0.825397,2,0
0.857143,2,0
0.888889,2,0
0.920635,2,0
0.952381,2,0
0.984127,2,0.0100756
1.01587,2,0.0273772
1.04762,2,0.0492063
1.07937,2,0.0809524
1.11111,2,0.112698
1.14286,2,0.144444
1.1746,2,0.17619
1.20635,2,0.207937
1.2381,2,0.239683
1.26984,2,0.271429
1.30159,2,0.303175
1.33333,2,0.334921
1.36508,2,0.366667
1.39683,2,0.398413
1.42857,2,0.430159
1.46032,2,0.461905
1.49206,2,0.493651
1.52381,2,0.525397
1.55556,2,0.557143
1.5873,2,0.588889
1.61905,2,0.620635
1.65079,2,0.652381
1.68254,2,0.684127
1.71429,2,0.715873
1.74603,2,0.747619
1.77778,2,0.779365
1.80952,2,0.811111
1.84127,2,0.842857
1.87302,2,0.874603
1.90476,2,0.906349
1.93651,2,0.938095
1.96825,2,0.969841
2,2,1.09516
0,2.03175,0
0.031746,2.03175,0
0.0634921,2.03175,0
0.0952381,2.03175,0
0.126984,2.03175,0
0.15873,2.03175,0
0.190476,2.03175,0
0.222222,2.03175,0
0.253968,2.03175,0
0.285714,2.03175,0
0.31746,2.03175,0
0.349206,2.03175,0
0.380952,2.03175,0
0.412698,2.03175,0
0.444444,2.03175,0
0.47619,2.03175,0
0.507937,2.03175,0
0.539683,2.03175,0
0.571429,2.03175,0
0.603175,2.03175,0
0.634921,2.03175,0
0.666667,2.03175,0
0.698413,2.03175,0
0.730159,2.03175,0
0.761905,2.03175,0
0.793651,2.03175,0
0.825397,2.03175,0
0.857143,2.03175,0
0.888889,2.03175,0
0.920635,2.03175,0
0.952381,2.03175,0
0.984127,2.03175,0.0100756
1.01587,2.03175,0.0273772
1.04762,2.03175,0.0492063
1.07937,2.03175,0.0809524
1.11111,2.03175,0.112698
1.14286,2.03175,0.144444
1.1746,2.03175,0.17619
1.20635,2.03175,0.207937
1.2381,2.03175,0.239683
1.26984,2.03175,0.271429
1.30159,2.03175,0.303175
1.33333,2.03175,0.334921
1.36508,2.03175,0.366667
1.39683,2.03175,0.398413
1.42857,2.03175,0.430159
1.46032,2.03175,0.461905
1.49206,2.03175,0.493651
1.52381,2.03175,0.525397
1.55556,2.03175,0.557143
1.5873,2.03175,0.588889
1.61905,2.03175,0.620635
1.65079,2.03175,0.652381
1.68254,2.03175,0.684127
1.71429,2.03175,0.715873
1.74603,2.03175,0.747619
1.77778,2.03175,0.779365
1.80952,2.03175,0.811111
1.84127,2.03175,0.842857
1.87302,2.03175,0.874603
1.90476,2.03175,0.906349
1.93651,2.03175,0.938095
1.96825,2.03175,0.969841
2,2.03175,1.09516
