xSize,tSize,Solution,Analytic,Error,Time
10,10,0.0730436,0.0927747,0.212677,0.0027282
10,11,0.0739968,0.0927747,0.202403,0.0038523
10,12,0.0729101,0.0927747,0.214116,0.0037018
10,13,0.072859,0.0927747,0.214667,0.0044684
10,14,0.0735989,0.0927747,0.206692,0.0048153
10,15,0.0735039,0.0927747,0.207716,0.0053929
10,16,0.0734214,0.0927747,0.208606,0.0059742
10,17,0.0727155,0.0927747,0.216214,0.0059156
10,18,0.0726897,0.0927747,0.216492,0.0078953
10,19,0.0726667,0.0927747,0.21674,0.0084049
10,20,0.0731777,0.0927747,0.211232,0.0072205
10,21,0.0726273,0.0927747,0.217165,0.0080079
10,22,0.0726102,0.0927747,0.217349,0.0048271
10,23,0.0730528,0.0927747,0.212578,0.0053069
10,24,0.0730184,0.0927747,0.21295,0.0055052
10,25,0.0729868,0.0927747,0.21329,0.0048186
10,26,0.0725554,0.0927747,0.21794,0.0090325
10,27,0.0729309,0.0927747,0.213893,0.0084175
10,28,0.072906,0.0927747,0.214161,0.0093403
10,29,0.0728829,0.0927747,0.21441,0.0098227
10,30,0.0728614,0.0927747,0.214641,0.0135723
10,31,0.0728413,0.0927747,0.214858,0.0154314
10,32,0.0728225,0.0927747,0.21506,0.0106712
10,33,0.0724916,0.0927747,0.218628,0.0104752
10,34,0.0727884,0.0927747,0.215429,0.0104797
10,35,0.0724781,0.0927747,0.218773,0.0109067
10,36,0.0724719,0.0927747,0.21884,0.0129133
10,37,0.072466,0.0927747,0.218903,0.0137224
10,38,0.0727311,0.0927747,0.216047,0.0075414
10,39,0.0727186,0.0927747,0.216181,0.0094025
10,40,0.0724502,0.0927747,0.219073,0.011383
10,41,0.0724455,0.0927747,0.219125,0.0120564
10,42,0.072441,0.0927747,0.219173,0.0122234
10,43,0.0724367,0.0927747,0.21922,0.0134552
10,44,0.0724325,0.0927747,0.219264,0.0079676
10,45,0.0726558,0.0927747,0.216858,0.0081409
10,46,0.0724249,0.0927747,0.219347,0.0136852
10,47,0.0726384,0.0927747,0.217045,0.0226849
10,48,0.0724178,0.0927747,0.219423,0.0110607
10,49,0.0724145,0.0927747,0.219459,0.01501
10,50,0.0724113,0.0927747,0.219493,0.0173814
11,10,0.0321889,0.0522529,0.383979,0.0036719
11,11,0.0340889,0.0522529,0.347617,0.0073117
11,12,0.0321237,0.0522529,0.385227,0.006278
11,13,0.0320987,0.0522529,0.385704,0.00478
11,14,0.0335717,0.0522529,0.357515,0.0051088
11,15,0.0334477,0.0522529,0.359888,0.0056109
11,16,0.03334,0.0522529,0.36195,0.0051601
11,17,0.0320287,0.0522529,0.387045,0.0060222
11,18,0.0320161,0.0522529,0.387286,0.0071686
11,19,0.0320049,0.0522529,0.387501,0.0061844
11,20,0.0330209,0.0522529,0.368056,0.0045746
11,21,0.0319856,0.0522529,0.38787,0.0076918
11,22,0.0319773,0.0522529,0.388028,0.0070545
11,23,0.0328569,0.0522529,0.371195,0.0080992
11,24,0.0328116,0.0522529,0.372061,0.0071126
11,25,0.0327701,0.0522529,0.372856,0.006639
11,26,0.0319505,0.0522529,0.388541,0.0071455
11,27,0.0326965,0.0522529,0.374264,0.0088611
11,28,0.0326638,0.0522529,0.374891,0.0134241
11,29,0.0326334,0.0522529,0.375473,0.0144369
11,30,0.032605,0.0522529,0.376015,0.0171574
11,31,0.0325786,0.0522529,0.376522,0.0063986
11,32,0.0325538,0.0522529,0.376996,0.0110969
11,33,0.0319193,0.0522529,0.389138,0.0114056
11,34,0.0325087,0.0522529,0.377859,0.0113616
11,35,0.0319127,0.0522529,0.389265,0.0098796
11,36,0.0319097,0.0522529,0.389322,0.012217
11,37,0.0319068,0.0522529,0.389377,0.0135494
11,38,0.0324331,0.0522529,0.379306,0.01463
11,39,0.0324166,0.0522529,0.379621,0.0138714
11,40,0.0318991,0.0522529,0.389525,0.0128833
11,41,0.0318968,0.0522529,0.38957,0.020345
11,42,0.0318946,0.0522529,0.389612,0.0162244
11,43,0.0318924,0.0522529,0.389652,0.0170166
11,44,0.0318904,0.0522529,0.389691,0.0119758
11,45,0.0323336,0.0522529,0.38121,0.0149927
11,46,0.0318867,0.0522529,0.389763,0.0124823
11,47,0.0323107,0.0522529,0.381648,0.0148618
11,48,0.0318832,0.0522529,0.389829,0.0162439
11,49,0.0318816,0.0522529,0.38986,0.0148786
11,50,0.03188,0.0522529,0.38989,0.0147307
12,10,0.0658488,0.0847247,0.222791,0.0038805
12,11,0.0669948,0.0847247,0.209265,0.0043355
12,12,0.0657101,0.0847247,0.224428,0.0044122
12,13,0.0656565,0.0847247,0.225061,0.0044469
12,14,0.0665426,0.0847247,0.214603,0.006157
12,15,0.0664342,0.0847247,0.215881,0.006801
12,16,0.0663401,0.0847247,0.216992,0.0052966
12,17,0.0655043,0.0847247,0.226857,0.0061192
12,18,0.0654767,0.0847247,0.227183,0.0055402
12,19,0.0654519,0.0847247,0.227475,0.0061173
12,20,0.0660616,0.0847247,0.22028,0.0069426
12,21,0.0654095,0.0847247,0.227977,0.0073327
12,22,0.0653911,0.0847247,0.228194,0.0082329
12,23,0.0659184,0.0847247,0.221969,0.0088008
12,24,0.0658789,0.0847247,0.222435,0.0095693
12,25,0.0658427,0.0847247,0.222863,0.0089794
12,26,0.0653316,0.0847247,0.228896,0.0095506
12,27,0.0657785,0.0847247,0.223621,0.0100345
12,28,0.0657499,0.0847247,0.223958,0.0116915
12,29,0.0657234,0.0847247,0.224271,0.0091424
12,30,0.0656987,0.0847247,0.224563,0.0096305
12,31,0.0656756,0.0847247,0.224835,0.0113208
12,32,0.065654,0.0847247,0.22509,0.0141108
12,33,0.0652618,0.0847247,0.229719,0.0162949
12,34,0.0656147,0.0847247,0.225555,0.0123843
12,35,0.065247,0.0847247,0.229894,0.011182
12,36,0.0652402,0.0847247,0.229974,0.0175581
12,37,0.0652338,0.0847247,0.23005,0.0159563
12,38,0.0655487,0.0847247,0.226333,0.0211623
12,39,0.0655344,0.0847247,0.226502,0.0188364
12,40,0.0652164,0.0847247,0.230255,0.020921
12,41,0.0652111,0.0847247,0.230317,0.0156663
12,42,0.0652062,0.0847247,0.230376,0.0148647
12,43,0.0652014,0.0847247,0.230432,0.0134761
12,44,0.0651969,0.0847247,0.230486,0.0153137
12,45,0.0654619,0.0847247,0.227357,0.0141941
12,46,0.0651884,0.0847247,0.230586,0.0176487
12,47,0.065442,0.0847247,0.227593,0.0154747
12,48,0.0651806,0.0847247,0.230678,0.0162809
12,49,0.0651769,0.0847247,0.230721,0.0173816
12,50,0.0651734,0.0847247,0.230763,0.0160306
13,10,0.0342024,0.0522529,0.345444,0.0029915
13,11,0.036038,0.0522529,0.310316,0.0042844
13,12,0.0341334,0.0522529,0.346766,0.0044809
13,13,0.0341068,0.0522529,0.347275,0.0051787
13,14,0.0355292,0.0522529,0.320052,0.0053397
13,15,0.0354071,0.0522529,0.32239,0.0060534
13,16,0.0353009,0.0522529,0.324421,0.0068339
13,17,0.0340314,0.0522529,0.348718,0.0075329
13,18,0.0340177,0.0522529,0.348979,0.0066903
13,19,0.0340055,0.0522529,0.349213,0.0066668
13,20,0.0349863,0.0522529,0.330443,0.0075252
13,21,0.0339845,0.0522529,0.349615,0.0074199
13,22,0.0339754,0.0522529,0.349789,0.0080764
13,23,0.0348244,0.0522529,0.333542,0.0090846
13,24,0.0347796,0.0522529,0.334398,0.009318
13,25,0.0347386,0.0522529,0.335183,0.0098437
13,26,0.033946,0.0522529,0.350353,0.0085843
13,27,0.0346659,0.0522529,0.336575,0.0109784
13,28,0.0346335,0.0522529,0.337194,0.0106824
13,29,0.0346035,0.0522529,0.33777,0.0192411
13,30,0.0345754,0.0522529,0.338306,0.0127768
13,31,0.0345493,0.0522529,0.338807,0.0108431
13,32,0.0345247,0.0522529,0.339276,0.0123736
13,33,0.0339115,0.0522529,0.351012,0.0114539
13,34,0.0344802,0.0522529,0.34013,0.0109942
13,35,0.0339042,0.0522529,0.351153,0.0133772
13,36,0.0339008,0.0522529,0.351217,0.013683
13,37,0.0338976,0.0522529,0.351278,0.0134056
13,38,0.0344053,0.0522529,0.341562,0.0135952
13,39,0.034389,0.0522529,0.341874,0.0147068
13,40,0.033889,0.0522529,0.351443,0.0134527
13,41,0.0338864,0.0522529,0.351493,0.0148645
13,42,0.0338839,0.0522529,0.35154,0.017021
13,43,0.0338816,0.0522529,0.351585,0.0183029
13,44,0.0338793,0.0522529,0.351628,0.0180607
13,45,0.0343068,0.0522529,0.343447,0.0153223
13,46,0.0338751,0.0522529,0.351709,0.0139962
13,47,0.0342842,0.0522529,0.343881,0.0173333
13,48,0.0338712,0.0522529,0.351783,0.0201113
13,49,0.0338694,0.0522529,0.351817,0.0176374
13,50,0.0338677,0.0522529,0.351851,0.0190875
14,10,0.0611166,0.0793107,0.229404,0.004115
14,11,0.0623953,0.0793107,0.213281,0.0053168
14,12,0.0609764,0.0793107,0.231171,0.0046793
14,13,0.0609217,0.0793107,0.23186,0.0068518
14,14,0.0619079,0.0793107,0.219426,0.006295
14,15,0.0617908,0.0793107,0.220902,0.0058567
14,16,0.061689,0.0793107,0.222186,0.0063207
14,17,0.0607648,0.0793107,0.233839,0.0074107
14,18,0.0607361,0.0793107,0.234201,0.0077302
14,19,0.0607102,0.0793107,0.234527,0.006641
14,20,0.0613869,0.0793107,0.225995,0.0089001
14,21,0.0606657,0.0793107,0.235089,0.00856
14,22,0.0606464,0.0793107,0.235332,0.0111518
14,23,0.0612312,0.0793107,0.227958,0.0101442
14,24,0.0611882,0.0793107,0.2285,0.0092456
14,25,0.0611488,0.0793107,0.228998,0.0091145
14,26,0.0605835,0.0793107,0.236125,0.0093563
14,27,0.0610788,0.0793107,0.22988,0.0130526
14,28,0.0610477,0.0793107,0.230273,0.0146102
14,29,0.0610187,0.0793107,0.230638,0.0184253
14,30,0.0609917,0.0793107,0.230978,0.0157596
14,31,0.0609665,0.0793107,0.231296,0.0144101
14,32,0.0609429,0.0793107,0.231594,0.0156791
14,33,0.0605093,0.0793107,0.237061,0.0148684
14,34,0.0608999,0.0793107,0.232135,0.0131136
14,35,0.0604934,0.0793107,0.237261,0.0228362
14,36,0.0604861,0.0793107,0.237353,0.0454821
14,37,0.0604792,0.0793107,0.23744,0.0257785
14,38,0.0608278,0.0793107,0.233045,0.0169797
14,39,0.0608121,0.0793107,0.233243,0.0178043
14,40,0.0604605,0.0793107,0.237675,0.0170401
14,41,0.0604549,0.0793107,0.237746,0.0160823
14,42,0.0604495,0.0793107,0.237814,0.0269252
14,43,0.0604444,0.0793107,0.237879,0.0339111
14,44,0.0604395,0.0793107,0.23794,0.0356933
14,45,0.0607328,0.0793107,0.234242,0.0553801
14,46,0.0604304,0.0793107,0.238056,0.0179742
14,47,0.0607109,0.0793107,0.234518,0.0192511
14,48,0.060422,0.0793107,0.238162,0.0276421
14,49,0.060418,0.0793107,0.238212,0.0228735
14,50,0.0604142,0.0793107,0.238259,0.0217225
15,10,0.0354219,0.0522529,0.322107,0.0041589
15,11,0.0371989,0.0522529,0.288098,0.0053516
15,12,0.0353525,0.0522529,0.323435,0.0054952
15,13,0.0353255,0.0522529,0.323951,0.005959
15,14,0.0367008,0.0522529,0.297632,0.0073048
15,15,0.0365811,0.0522529,0.299923,0.0069
15,16,0.036477,0.0522529,0.301915,0.0080193
15,17,0.0352483,0.0522529,0.32543,0.0090555
15,18,0.0352341,0.0522529,0.325701,0.0106408
15,19,0.0352214,0.0522529,0.325944,0.0087562
15,20,0.0361681,0.0522529,0.307826,0.00934
15,21,0.0351995,0.0522529,0.326364,0.0141218
15,22,0.0351899,0.0522529,0.326546,0.0165999
15,23,0.036009,0.0522529,0.31087,0.0140841
15,24,0.0359651,0.0522529,0.311712,0.0105224
15,25,0.0359247,0.0522529,0.312484,0.0106732
15,26,0.0351589,0.0522529,0.327139,0.0128613
15,27,0.0358532,0.0522529,0.313852,0.0116367
15,28,0.0358214,0.0522529,0.314462,0.0146091
15,29,0.0357918,0.0522529,0.315028,0.013985
15,30,0.0357642,0.0522529,0.315556,0.0166213
15,31,0.0357384,0.0522529,0.316049,0.0180556
15,32,0.0357143,0.0522529,0.316511,0.0149444
15,33,0.0351223,0.0522529,0.32784,0.0124807
15,34,0.0356704,0.0522529,0.317351,0.0198877
15,35,0.0351145,0.0522529,0.32799,0.0153006
15,36,0.0351109,0.0522529,0.328059,0.0176893
15,37,0.0351075,0.0522529,0.328124,0.0187019
15,38,0.0355967,0.0522529,0.318762,0.0181752
15,39,0.0355807,0.0522529,0.319068,0.01909
15,40,0.0350982,0.0522529,0.328301,0.0217436
15,41,0.0350954,0.0522529,0.328354,0.0165189
15,42,0.0350928,0.0522529,0.328405,0.0194496
15,43,0.0350903,0.0522529,0.328454,0.0274187
15,44,0.0350878,0.0522529,0.3285,0.0186451
15,45,0.0354996,0.0522529,0.320619,0.0250136
15,46,0.0350833,0.0522529,0.328587,0.0176307
15,47,0.0354773,0.0522529,0.321046,0.025284
15,48,0.0350791,0.0522529,0.328667,0.0213935
15,49,0.0350772,0.0522529,0.328704,0.0189383
15,50,0.0350753,0.0522529,0.32874,0.0235097
16,10,0.0577909,0.0754289,0.233836,0.0070964
16,11,0.0591632,0.0754289,0.215642,0.009699
16,12,0.0576522,0.0754289,0.235674,0.0092166
16,13,0.0575976,0.0754289,0.236398,0.0079004
16,14,0.058654,0.0754289,0.222393,0.0101786
16,15,0.0585312,0.0754289,0.224021,0.0085044
16,16,0.0584244,0.0754289,0.225437,0.0078083
16,17,0.0574391,0.0754289,0.238499,0.0072985
16,18,0.0574098,0.0754289,0.238888,0.0075809
16,19,0.0573834,0.0754289,0.239238,0.007519
16,20,0.0581066,0.0754289,0.22965,0.0089242
16,21,0.0573377,0.0754289,0.239844,0.0093283
16,22,0.0573177,0.0754289,0.240109,0.010599
16,23,0.0579424,0.0754289,0.231827,0.0096967
16,24,0.057897,0.0754289,0.232429,0.0099171
16,25,0.0578553,0.0754289,0.232982,0.0137447
16,26,0.0572526,0.0754289,0.240972,0.0123528
16,27,0.0577813,0.0754289,0.233963,0.0131856
16,28,0.0577483,0.0754289,0.2344,0.0124555
16,29,0.0577177,0.0754289,0.234806,0.0145571
16,30,0.0576891,0.0754289,0.235185,0.0182331
16,31,0.0576624,0.0754289,0.23554,0.0188197
16,32,0.0576373,0.0754289,0.235871,0.0155635
16,33,0.0571752,0.0754289,0.241999,0.0157352
16,34,0.0575918,0.0754289,0.236476,0.0146831
16,35,0.0571585,0.0754289,0.24222,0.0157213
16,36,0.0571508,0.0754289,0.242321,0.0164951
16,37,0.0571436,0.0754289,0.242418,0.0175602
16,38,0.0575152,0.0754289,0.237491,0.0150564
16,39,0.0574985,0.0754289,0.237712,0.0186751
16,40,0.0571239,0.0754289,0.242678,0.0153471
16,41,0.057118,0.0754289,0.242757,0.0169815
16,42,0.0571123,0.0754289,0.242832,0.0171732
16,43,0.0571069,0.0754289,0.242904,0.0188457
16,44,0.0571017,0.0754289,0.242973,0.0215757
16,45,0.0574142,0.0754289,0.238829,0.0203954
16,46,0.057092,0.0754289,0.243101,0.0186027
16,47,0.057391,0.0754289,0.239138,0.0197895
16,48,0.0570831,0.0754289,0.243219,0.0209912
16,49,0.0570789,0.0754289,0.243275,0.0196768
16,50,0.0570749,0.0754289,0.243328,0.0219856
17,10,0.0361716,0.0522529,0.307759,0.0048907
17,11,0.037913,0.0522529,0.274434,0.0051827
17,12,0.0361043,0.0522529,0.309047,0.0056486
17,13,0.0360778,0.0522529,0.309554,0.0062528
17,14,0.0374228,0.0522529,0.283814,0.0073456
17,15,0.0373049,0.0522529,0.286071,0.0074581
17,16,0.0372023,0.0522529,0.288034,0.0081217
17,17,0.0360009,0.0522529,0.311026,0.0084907
17,18,0.0359866,0.0522529,0.311299,0.0078345
17,19,0.0359738,0.0522529,0.311545,0.0093193
17,20,0.0368977,0.0522529,0.293864,0.0105188
17,21,0.0359515,0.0522529,0.311972,0.0094863
17,22,0.0359418,0.0522529,0.312158,0.0118935
17,23,0.0367406,0.0522529,0.296871,0.0123816
17,24,0.0366971,0.0522529,0.297702,0.0111494
17,25,0.0366572,0.0522529,0.298465,0.0137048
17,26,0.0359099,0.0522529,0.312767,0.0120019
17,27,0.0365865,0.0522529,0.299818,0.0154115
17,28,0.036555,0.0522529,0.300421,0.0135963
17,29,0.0365258,0.0522529,0.300981,0.0141192
17,30,0.0364985,0.0522529,0.301504,0.015469
17,31,0.036473,0.0522529,0.301992,0.0150186
17,32,0.0364491,0.0522529,0.302449,0.0142034
17,33,0.0358719,0.0522529,0.313495,0.0150443
17,34,0.0364056,0.0522529,0.303281,0.0212615
17,35,0.0358637,0.0522529,0.313651,0.0186468
17,36,0.0358599,0.0522529,0.313724,0.0189901
17,37,0.0358564,0.0522529,0.313792,0.0162787
17,38,0.0363326,0.0522529,0.304678,0.0178786
17,39,0.0363167,0.0522529,0.304982,0.0216567
17,40,0.0358467,0.0522529,0.313978,0.0181836
17,41,0.0358437,0.0522529,0.314034,0.0237671
17,42,0.0358409,0.0522529,0.314087,0.0212029
17,43,0.0358383,0.0522529,0.314139,0.0188763
17,44,0.0358357,0.0522529,0.314188,0.026648
17,45,0.0362364,0.0522529,0.306519,0.0221311
17,46,0.0358309,0.0522529,0.314279,0.0203435
17,47,0.0362143,0.0522529,0.306943,0.0230339
17,48,0.0358265,0.0522529,0.314364,0.0216036
17,49,0.0358244,0.0522529,0.314403,0.0216401
17,50,0.0358224,0.0522529,0.314441,0.0224359
18,10,0.0553287,0.0725131,0.236984,0.0043599
18,11,0.0567694,0.0725131,0.217116,0.0055091
18,12,0.0551936,0.0725131,0.238846,0.0060753
18,13,0.0551399,0.0725131,0.239587,0.0057829
18,14,0.0562471,0.0725131,0.224318,0.0066332
18,15,0.0561209,0.0725131,0.226058,0.0075069
18,16,0.0560109,0.0725131,0.227576,0.0074302
18,17,0.0549825,0.0725131,0.241758,0.0075673
18,18,0.0549531,0.0725131,0.242164,0.0087711
18,19,0.0549265,0.0725131,0.24253,0.0092881
18,20,0.055683,0.0725131,0.232098,0.0103695
18,21,0.0548802,0.0725131,0.243168,0.0101612
18,22,0.05486,0.0725131,0.243447,0.011019
18,23,0.055513,0.0725131,0.234441,0.0116792
18,24,0.055466,0.0725131,0.23509,0.0120909
18,25,0.0554227,0.0725131,0.235687,0.0122229
18,26,0.0547936,0.0725131,0.244362,0.0125497
18,27,0.0553459,0.0725131,0.236746,0.0145269
18,28,0.0553117,0.0725131,0.237218,0.0127567
18,29,0.0552798,0.0725131,0.237658,0.0146747
18,30,0.0552501,0.0725131,0.238068,0.0157561
18,31,0.0552223,0.0725131,0.238451,0.0165096
18,32,0.0551962,0.0725131,0.23881,0.0183318
18,33,0.0547139,0.0725131,0.245461,0.0180989
18,34,0.0551488,0.0725131,0.239464,0.0275697
18,35,0.0546967,0.0725131,0.245699,0.0170576
18,36,0.0546888,0.0725131,0.245808,0.0162359
18,37,0.0546812,0.0725131,0.245912,0.0177901
18,38,0.055069,0.0725131,0.240565,0.0177564
18,39,0.0550516,0.0725131,0.240805,0.0192905
18,40,0.0546608,0.0725131,0.246194,0.0183577
18,41,0.0546546,0.0725131,0.246279,0.0210086
18,42,0.0546487,0.0725131,0.246361,0.0191914
18,43,0.0546431,0.0725131,0.246439,0.0206917
18,44,0.0546377,0.0725131,0.246513,0.0210361
18,45,0.0549636,0.0725131,0.242018,0.0236716
18,46,0.0546276,0.0725131,0.246653,0.0235246
18,47,0.0549393,0.0725131,0.242353,0.0242207
18,48,0.0546182,0.0725131,0.246781,0.0209592
18,49,0.0546139,0.0725131,0.246841,0.0242912
18,50,0.0546096,0.0725131,0.2469,0.025858
19,10,0.0366532,0.0522529,0.298543,0.0056187
19,11,0.038378,0.0522529,0.265534,0.0064104
19,12,0.036589,0.0522529,0.29977,0.0058782
19,13,0.0365635,0.0522529,0.300259,0.0073016
19,14,0.0378932,0.0522529,0.274812,0.0089547
19,15,0.0377764,0.0522529,0.277046,0.0100867
19,16,0.0376748,0.0522529,0.278991,0.0085812
19,17,0.0364883,0.0522529,0.301698,0.012381
19,18,0.0364742,0.0522529,0.301968,0.0101975
19,19,0.0364614,0.0522529,0.302213,0.0107741
19,20,0.0373727,0.0522529,0.284773,0.0103184
19,21,0.0364391,0.0522529,0.30264,0.0097807
19,22,0.0364293,0.0522529,0.302827,0.0117306
19,23,0.0372167,0.0522529,0.287759,0.0134466
19,24,0.0371735,0.0522529,0.288585,0.0135631
19,25,0.0371339,0.0522529,0.289344,0.0125774
19,26,0.0363971,0.0522529,0.303443,0.013659
19,27,0.0370635,0.0522529,0.29069,0.0156851
19,28,0.0370322,0.0522529,0.291289,0.0159054
19,29,0.0370031,0.0522529,0.291847,0.0153169
19,30,0.0369759,0.0522529,0.292367,0.0148684
19,31,0.0369505,0.0522529,0.292853,0.017628
19,32,0.0369267,0.0522529,0.293308,0.0181899
19,33,0.0363582,0.0522529,0.304188,0.0175898
19,34,0.0368834,0.0522529,0.294136,0.0168073
19,35,0.0363498,0.0522529,0.30435,0.0188023
19,36,0.0363459,0.0522529,0.304424,0.0173405
19,37,0.0363422,0.0522529,0.304495,0.0185028
19,38,0.0368106,0.0522529,0.295529,0.0196835
19,39,0.0367948,0.0522529,0.295833,0.0201188
19,40,0.0363321,0.0522529,0.304688,0.0201536
19,41,0.0363291,0.0522529,0.304746,0.0194287
19,42,0.0363261,0.0522529,0.304802,0.0200182
19,43,0.0363234,0.0522529,0.304855,0.0244117
19,44,0.0363207,0.0522529,0.304906,0.0219397
19,45,0.0367147,0.0522529,0.297366,0.024053
19,46,0.0363157,0.0522529,0.305002,0.0222683
19,47,0.0366926,0.0522529,0.297789,0.0242968
19,48,0.0363111,0.0522529,0.30509,0.0255807
19,49,0.0363089,0.0522529,0.305131,0.0270941
19,50,0.0363068,0.0522529,0.305171,0.0288057
20,10,0.0534292,0.0702446,0.239382,0.0109911
20,11,0.054922,0.0702446,0.218132,0.0096341
20,12,0.0532992,0.0702446,0.241233,0.0110006
20,13,0.0532471,0.0702446,0.241975,0.0157153
20,14,0.0543928,0.0702446,0.225665,0.010835
20,15,0.0542646,0.0702446,0.227491,0.0090661
20,16,0.0541527,0.0702446,0.229084,0.0095878
20,17,0.0530927,0.0702446,0.244174,0.0085124
20,18,0.0530635,0.0702446,0.244589,0.011228
20,19,0.0530371,0.0702446,0.244965,0.02553
20,20,0.0538184,0.0702446,0.233842,0.0131405
20,21,0.0529909,0.0702446,0.245622,0.016706
20,22,0.0529707,0.0702446,0.245911,0.026208
20,23,0.0536447,0.0702446,0.236315,0.0138663
20,24,0.0535965,0.0702446,0.237001,0.0159722
20,25,0.0535522,0.0702446,0.237632,0.0169246
20,26,0.0529038,0.0702446,0.246863,0.0226699
20,27,0.0534735,0.0702446,0.238753,0.0295102
20,28,0.0534383,0.0702446,0.239253,0.0149043
20,29,0.0534056,0.0702446,0.239718,0.0150332
20,30,0.0533751,0.0702446,0.240153,0.0251188
20,31,0.0533466,0.0702446,0.240559,0.0179654
20,32,0.0533198,0.0702446,0.24094,0.0195394
20,33,0.0528228,0.0702446,0.248016,0.0206345
20,34,0.053271,0.0702446,0.241635,0.0202598
20,35,0.0528052,0.0702446,0.248267,0.021565
20,36,0.052797,0.0702446,0.248382,0.0377415
20,37,0.0527893,0.0702446,0.248492,0.0195903
20,38,0.0531888,0.0702446,0.242805,0.0214595
20,39,0.0531709,0.0702446,0.24306,0.0363602
20,40,0.0527683,0.0702446,0.248791,0.0271103
20,41,0.0527619,0.0702446,0.248882,0.0208246
20,42,0.0527559,0.0702446,0.248969,0.0231759
20,43,0.05275,0.0702446,0.249051,0.0230981
20,44,0.0527445,0.0702446,0.249131,0.0263348
20,45,0.0530801,0.0702446,0.244352,0.022718
20,46,0.052734,0.0702446,0.24928,0.0239655
20,47,0.053055,0.0702446,0.24471,0.0256131
20,48,0.0527244,0.0702446,0.249417,0.0259341
20,49,0.0527199,0.0702446,0.249481,0.0246679
20,50,0.0527155,0.0702446,0.249543,0.0340089
21,10,0.0369788,0.0522529,0.292312,0.0128773
21,11,0.0386986,0.0522529,0.259399,0.0118729
21,12,0.0369184,0.0522529,0.293467,0.0085575
21,13,0.0368941,0.0522529,0.293932,0.009199
21,14,0.0382178,0.0522529,0.2686,0.0105135
21,15,0.0381019,0.0522529,0.270818,0.0117687
21,16,0.0380009,0.0522529,0.27275,0.0108507
21,17,0.0368215,0.0522529,0.295321,0.0108538
21,18,0.0368077,0.0522529,0.295585,0.0163175
21,19,0.0367952,0.0522529,0.295826,0.0147782
21,20,0.0377005,0.0522529,0.2785,0.0116377
21,21,0.0367731,0.0522529,0.296247,0.0119513
21,22,0.0367634,0.0522529,0.296433,0.0137719
21,23,0.0375451,0.0522529,0.281474,0.0200941
21,24,0.0375021,0.0522529,0.282297,0.0206164
21,25,0.0374625,0.0522529,0.283054,0.0218254
21,26,0.0367312,0.0522529,0.297049,0.0180303
21,27,0.0373924,0.0522529,0.284397,0.0224551
21,28,0.0373611,0.0522529,0.284995,0.0200521
21,29,0.037332,0.0522529,0.285552,0.0207957
21,30,0.0373049,0.0522529,0.286071,0.0254255
21,31,0.0372795,0.0522529,0.286557,0.0225585
21,32,0.0372557,0.0522529,0.287012,0.0180333
21,33,0.0366918,0.0522529,0.297803,0.0177944
21,34,0.0372124,0.0522529,0.28784,0.0193362
21,35,0.0366832,0.0522529,0.297968,0.0230904
21,36,0.0366792,0.0522529,0.298044,0.0221868
21,37,0.0366754,0.0522529,0.298117,0.0209048
21,38,0.0371396,0.0522529,0.289234,0.0260326
21,39,0.0371238,0.0522529,0.289537,0.0202302
21,40,0.0366651,0.0522529,0.298315,0.0227451
21,41,0.036662,0.0522529,0.298375,0.0237371
21,42,0.036659,0.0522529,0.298432,0.0269494
21,43,0.0366561,0.0522529,0.298487,0.0263044
21,44,0.0366533,0.0522529,0.29854,0.0252692
21,45,0.0370435,0.0522529,0.291073,0.0295146
21,46,0.0366482,0.0522529,0.298639,0.030301
21,47,0.0370213,0.0522529,0.291497,0.0292994
21,48,0.0366434,0.0522529,0.29873,0.0291293
21,49,0.0366411,0.0522529,0.298774,0.0289929
21,50,0.036639,0.0522529,0.298815,0.0308553
22,10,0.0519158,0.0684302,0.241332,0.0057422
22,11,0.05345,0.0684302,0.218913,0.0089398
22,12,0.0517918,0.0684302,0.243144,0.0071566
22,13,0.0517417,0.0684302,0.243876,0.008788
22,14,0.052918,0.0684302,0.226687,0.008574
22,15,0.0527888,0.0684302,0.228575,0.0098773
22,16,0.0526759,0.0684302,0.230225,0.0104308
22,17,0.0515918,0.0684302,0.246067,0.0106548
22,18,0.0515632,0.0684302,0.246485,0.0105553
22,19,0.0515372,0.0684302,0.246865,0.0111719
22,20,0.0523381,0.0684302,0.235161,0.0122775
22,21,0.0514916,0.0684302,0.247531,0.0116127
22,22,0.0514715,0.0684302,0.247825,0.0132182
22,23,0.052162,0.0684302,0.237734,0.0133887
22,24,0.0521131,0.0684302,0.238449,0.013759
22,25,0.0520681,0.0684302,0.239107,0.015749
22,26,0.0514048,0.0684302,0.248799,0.014418
22,27,0.051988,0.0684302,0.240276,0.0162725
22,28,0.0519523,0.0684302,0.240799,0.0166316
22,29,0.051919,0.0684302,0.241285,0.0216861
22,30,0.0518879,0.0684302,0.24174,0.0184097
22,31,0.0518588,0.0684302,0.242165,0.0198345
22,32,0.0518316,0.0684302,0.242563,0.0190586
22,33,0.0513233,0.0684302,0.24999,0.0210826
22,34,0.0517818,0.0684302,0.243291,0.0225366
22,35,0.0513055,0.0684302,0.250251,0.0208332
22,36,0.0512972,0.0684302,0.250372,0.0182167
22,37,0.0512894,0.0684302,0.250487,0.0227585
22,38,0.0516979,0.0684302,0.244517,0.0226719
22,39,0.0516796,0.0684302,0.244785,0.0260574
22,40,0.051268,0.0684302,0.250799,0.0234209
22,41,0.0512615,0.0684302,0.250894,0.0228973
22,42,0.0512553,0.0684302,0.250985,0.0235566
22,43,0.0512493,0.0684302,0.251072,0.0236276
22,44,0.0512436,0.0684302,0.251155,0.0251819
22,45,0.0515867,0.0684302,0.246142,0.0245562
22,46,0.0512329,0.0684302,0.251311,0.0269176
22,47,0.051561,0.0684302,0.246517,0.0303326
22,48,0.0512231,0.0684302,0.251456,0.0286407
22,49,0.0512184,0.0684302,0.251524,0.0299393
22,50,0.0512139,0.0684302,0.251589,0.0277383
23,10,0.0372082,0.0522529,0.28792,0.0064024
23,11,0.0389292,0.0522529,0.254985,0.0073495
23,12,0.0371521,0.0522529,0.288995,0.0088393
23,13,0.0371293,0.0522529,0.289432,0.0082409
23,14,0.0384521,0.0522529,0.264116,0.0084336
23,15,0.0383369,0.0522529,0.26632,0.0092185
23,16,0.0382366,0.0522529,0.26824,0.010272
23,17,0.0370601,0.0522529,0.290756,0.0113749
23,18,0.0370467,0.0522529,0.291011,0.0113594
23,19,0.0370345,0.0522529,0.291245,0.0103435
23,20,0.0379377,0.0522529,0.27396,0.0126112
23,21,0.037013,0.0522529,0.291656,0.0134625
23,22,0.0370035,0.0522529,0.291838,0.0142734
23,23,0.0377828,0.0522529,0.276925,0.0151051
23,24,0.0377399,0.0522529,0.277746,0.0153328
23,25,0.0377004,0.0522529,0.278501,0.0151463
23,26,0.0369717,0.0522529,0.292448,0.015926
23,27,0.0376304,0.0522529,0.279842,0.0160232
23,28,0.0375991,0.0522529,0.28044,0.0176127
23,29,0.0375701,0.0522529,0.280996,0.0183386
23,30,0.0375429,0.0522529,0.281515,0.0178382
23,31,0.0375176,0.0522529,0.282001,0.0105629
23,32,0.0374938,0.0522529,0.282455,0.0196162
23,33,0.0369322,0.0522529,0.293202,0.0197416
23,34,0.0374505,0.0522529,0.283285,0.0212729
23,35,0.0369235,0.0522529,0.293369,0.0214341
23,36,0.0369195,0.0522529,0.293447,0.0209704
23,37,0.0369156,0.0522529,0.29352,0.0231026
23,38,0.0373775,0.0522529,0.28468,0.0247833
23,39,0.0373617,0.0522529,0.284984,0.0226434
23,40,0.0369051,0.0522529,0.293722,0.0216849
23,41,0.0369019,0.0522529,0.293783,0.0230045
23,42,0.0368988,0.0522529,0.293842,0.0254953
23,43,0.0368959,0.0522529,0.293898,0.0264911
23,44,0.0368931,0.0522529,0.293952,0.0280068
23,45,0.0372812,0.0522529,0.286524,0.0272663
23,46,0.0368878,0.0522529,0.294053,0.030209
23,47,0.0372589,0.0522529,0.28695,0.0294511
23,48,0.0368829,0.0522529,0.294147,0.0283394
23,49,0.0368806,0.0522529,0.294191,0.0339392
23,50,0.0368783,0.0522529,0.294234,0.0308333
24,10,0.0506786,0.0669466,0.243,0.0065538
24,11,0.052247,0.0669466,0.219572,0.0076288
24,12,0.0505613,0.0669466,0.244752,0.0081638
24,13,0.0505136,0.0669466,0.245465,0.0084135
24,14,0.0517151,0.0669466,0.227518,0.0098991
24,15,0.0515856,0.0669466,0.229452,0.0146541
24,16,0.0514724,0.0669466,0.231142,0.0129862
24,17,0.0503692,0.0669466,0.247621,0.0129517
24,18,0.0503415,0.0669466,0.248036,0.0141795
24,19,0.0503161,0.0669466,0.248414,0.0197037
24,20,0.0511331,0.0669466,0.236212,0.0314299
24,21,0.0502715,0.0669466,0.24908,0.0177539
24,22,0.0502518,0.0669466,0.249375,0.0264856
24,23,0.0509557,0.0669466,0.238861,0.0276395
24,24,0.0509064,0.0669466,0.239598,0.0159105
24,25,0.0508609,0.0669466,0.240276,0.0162233
24,26,0.0501859,0.0669466,0.250359,0.0162579
24,27,0.0507801,0.0669466,0.241484,0.0244241
24,28,0.050744,0.0669466,0.242024,0.0269841
24,29,0.0507103,0.0669466,0.242527,0.0185314
24,30,0.0506788,0.0669466,0.242997,0.0278433
24,31,0.0506494,0.0669466,0.243437,0.0389318
24,32,0.0506217,0.0669466,0.243849,0.0324837
24,33,0.0501046,0.0669466,0.251574,0.0311053
24,34,0.0505713,0.0669466,0.244603,0.0295196
24,35,0.0500866,0.0669466,0.251842,0.0262685
24,36,0.0500783,0.0669466,0.251967,0.0304902
24,37,0.0500704,0.0669466,0.252085,0.0399847
24,38,0.0504861,0.0669466,0.245875,0.028725
24,39,0.0504675,0.0669466,0.246153,0.0260626
24,40,0.0500488,0.0669466,0.252407,0.0247028
24,41,0.0500422,0.0669466,0.252506,0.0315173
24,42,0.0500359,0.0669466,0.2526,0.0280165
24,43,0.0500299,0.0669466,0.25269,0.031745
24,44,0.0500241,0.0669466,0.252776,0.0359852
24,45,0.0503731,0.0669466,0.247564,0.0305508
24,46,0.0500133,0.0669466,0.252938,0.0334246
24,47,0.0503469,0.0669466,0.247955,0.0375672
24,48,0.0500032,0.0669466,0.253088,0.0329235
24,49,0.0499985,0.0669466,0.253159,0.0355691
24,50,0.0499939,0.0669466,0.253228,0.0356052
25,10,0.0373744,0.0522529,0.284741,0.009025
25,11,0.0390997,0.0522529,0.251721,0.0146396
25,12,0.0373228,0.0522529,0.285728,0.0086892
25,13,0.0373016,0.0522529,0.286133,0.0112697
25,14,0.0386265,0.0522529,0.260779,0.0153453
25,15,0.0385121,0.0522529,0.262967,0.0129269
25,16,0.0384125,0.0522529,0.264874,0.0110603
25,17,0.0372365,0.0522529,0.287379,0.0134333
25,18,0.0372238,0.0522529,0.287622,0.0154074
25,19,0.0372121,0.0522529,0.287846,0.0245331
25,20,0.0381153,0.0522529,0.270562,0.0137011
25,21,0.0371914,0.0522529,0.288242,0.02511
25,22,0.0371822,0.0522529,0.288419,0.0226233
25,23,0.037961,0.0522529,0.273514,0.0178763
25,24,0.0379182,0.0522529,0.274333,0.0177948
25,25,0.0378789,0.0522529,0.275085,0.0181267
25,26,0.0371511,0.0522529,0.289014,0.0152166
25,27,0.037809,0.0522529,0.276423,0.0174688
25,28,0.0377778,0.0522529,0.27702,0.0185353
25,29,0.0377488,0.0522529,0.277575,0.0192825
25,30,0.0377217,0.0522529,0.278094,0.0201868
25,31,0.0376963,0.0522529,0.278579,0.0243456
25,32,0.0376726,0.0522529,0.279034,0.025072
25,33,0.037112,0.0522529,0.289762,0.0223233
25,34,0.0376293,0.0522529,0.279863,0.0224232
25,35,0.0371033,0.0522529,0.289929,0.0255132
25,36,0.0370993,0.0522529,0.290006,0.0252727
25,37,0.0370954,0.0522529,0.29008,0.0285792
25,38,0.0375563,0.0522529,0.28126,0.0364707
25,39,0.0375403,0.0522529,0.281565,0.0391345
25,40,0.0370848,0.0522529,0.290283,0.0351272
25,41,0.0370816,0.0522529,0.290345,0.0931353
25,42,0.0370785,0.0522529,0.290404,0.0290523
25,43,0.0370755,0.0522529,0.290461,0.0293528
25,44,0.0370726,0.0522529,0.290515,0.0313015
25,45,0.0374597,0.0522529,0.283109,0.0312535
25,46,0.0370673,0.0522529,0.290619,0.0282371
25,47,0.0374373,0.0522529,0.283536,0.0310275
25,48,0.0370623,0.0522529,0.290714,0.0302189
25,49,0.0370599,0.0522529,0.290759,0.0312591
25,50,0.0370576,0.0522529,0.290803,0.036325
26,10,0.0496459,0.0657112,0.244483,0.0070868
26,11,0.0512436,0.0657112,0.22017,0.0085973
26,12,0.0495358,0.0657112,0.24616,0.0079438
26,13,0.0494906,0.0657112,0.246847,0.0086675
26,14,0.0507136,0.0657112,0.228234,0.0100602
26,15,0.0505845,0.0657112,0.2302,0.0107303
26,16,0.0504715,0.0657112,0.231919,0.0109426
26,17,0.0493528,0.0657112,0.248944,0.0124208
26,18,0.0493261,0.0657112,0.249351,0.0188704
26,19,0.0493016,0.0657112,0.249724,0.0122541
26,20,0.0501321,0.0657112,0.237084,0.025637
26,21,0.0492583,0.0657112,0.250383,0.0150634
26,22,0.049239,0.0657112,0.250675,0.0148804
26,23,0.0499543,0.0657112,0.23979,0.0155583
26,24,0.0499048,0.0657112,0.240543,0.0215504
26,25,0.0498592,0.0657112,0.241238,0.0186249
26,26,0.0491745,0.0657112,0.251658,0.0181391
26,27,0.0497779,0.0657112,0.242474,0.0200753
26,28,0.0497416,0.0657112,0.243028,0.0199144
26,29,0.0497077,0.0657112,0.243544,0.0212016
26,30,0.049676,0.0657112,0.244026,0.0213454
26,31,0.0496463,0.0657112,0.244477,0.0233824
26,32,0.0496185,0.0657112,0.244901,0.026991
26,33,0.0490939,0.0657112,0.252883,0.0231347
26,34,0.0495676,0.0657112,0.245676,0.0240256
26,35,0.049076,0.0657112,0.253156,0.0238174
26,36,0.0490677,0.0657112,0.253282,0.023026
26,37,0.0490598,0.0657112,0.253403,0.0253998
26,38,0.0494815,0.0657112,0.246985,0.028194
26,39,0.0494627,0.0657112,0.247271,0.0269108
26,40,0.0490382,0.0657112,0.253732,0.0570111
26,41,0.0490316,0.0657112,0.253833,0.0297422
26,42,0.0490252,0.0657112,0.253929,0.0342257
26,43,0.0490192,0.0657112,0.254021,0.0312295
26,44,0.0490133,0.0657112,0.25411,0.0302269
26,45,0.0493672,0.0657112,0.248725,0.0287066
26,46,0.0490024,0.0657112,0.254277,0.0287618
26,47,0.0493406,0.0657112,0.249129,0.0312123
26,48,0.0489922,0.0657112,0.254431,0.0329418
26,49,0.0489874,0.0657112,0.254504,0.0341385
26,50,0.0489828,0.0657112,0.254575,0.0355444
27,10,0.0374964,0.0522529,0.282407,0.0072123
27,11,0.039228,0.0522529,0.249268,0.0087666
27,12,0.0374497,0.0522529,0.2833,0.008849
27,13,0.0374303,0.0522529,0.283671,0.0093301
27,14,0.0387588,0.0522529,0.258246,0.0097418
27,15,0.0386454,0.0522529,0.260416,0.0109459
27,16,0.0385465,0.0522529,0.262308,0.0143292
27,17,0.0373699,0.0522529,0.284826,0.0151347
27,18,0.037358,0.0522529,0.285055,0.0122414
27,19,0.0373469,0.0522529,0.285266,0.013273
27,20,0.0382514,0.0522529,0.267957,0.0149345
27,21,0.0373273,0.0522529,0.285642,0.014369
27,22,0.0373184,0.0522529,0.285811,0.0159652
27,23,0.038098,0.0522529,0.270892,0.0164045
27,24,0.0380554,0.0522529,0.271707,0.0178842
27,25,0.0380163,0.0522529,0.272457,0.0251496
27,26,0.0372885,0.0522529,0.286385,0.0176162
27,27,0.0379466,0.0522529,0.273789,0.0196285
27,28,0.0379155,0.0522529,0.274384,0.021728
27,29,0.0378866,0.0522529,0.274938,0.0223053
27,30,0.0378596,0.0522529,0.275456,0.0274244
27,31,0.0378343,0.0522529,0.27594,0.022279
27,32,0.0378105,0.0522529,0.276394,0.0290966
27,33,0.0372502,0.0522529,0.287117,0.0289832
27,34,0.0377673,0.0522529,0.277222,0.0446326
27,35,0.0372416,0.0522529,0.287282,0.0280478
27,36,0.0372376,0.0522529,0.287359,0.0534566
27,37,0.0372337,0.0522529,0.287432,0.0319614
27,38,0.0376943,0.0522529,0.278618,0.0332979
27,39,0.0376784,0.0522529,0.278923,0.0413705
27,40,0.0372232,0.0522529,0.287634,0.0446517
27,41,0.03722,0.0522529,0.287696,0.0324785
27,42,0.0372169,0.0522529,0.287755,0.0297395
27,43,0.0372139,0.0522529,0.287812,0.035456
27,44,0.037211,0.0522529,0.287867,0.0405974
27,45,0.0375976,0.0522529,0.280469,0.0445946
27,46,0.0372056,0.0522529,0.287971,0.0572906
27,47,0.0375752,0.0522529,0.280897,0.05571
27,48,0.0372006,0.0522529,0.288067,0.0387741
27,49,0.0371982,0.0522529,0.288113,0.0343612
27,50,0.0371959,0.0522529,0.288157,0.0392255
28,10,0.048769,0.0646667,0.24584,0.0094497
28,11,0.050392,0.0646667,0.220742,0.0125391
28,12,0.0486662,0.0646667,0.24743,0.0083158
28,13,0.0486238,0.0646667,0.248086,0.0097167
28,14,0.0498656,0.0646667,0.228882,0.0113942
28,15,0.0497372,0.0646667,0.230868,0.0116245
28,16,0.0496248,0.0646667,0.232606,0.0127459
28,17,0.0484932,0.0646667,0.250105,0.0118693
28,18,0.0484676,0.0646667,0.250501,0.0119729
28,19,0.0484441,0.0646667,0.250864,0.0149481
28,20,0.0492866,0.0646667,0.237836,0.0182304
28,21,0.0484024,0.0646667,0.251509,0.015166
28,22,0.0483838,0.0646667,0.251797,0.0161443
28,23,0.0491091,0.0646667,0.240582,0.0171368
28,24,0.0490596,0.0646667,0.241347,0.0186376
28,25,0.0490139,0.0646667,0.242053,0.02528
28,26,0.048321,0.0646667,0.252768,0.0192638
28,27,0.0489325,0.0646667,0.243311,0.0302644
28,28,0.0488961,0.0646667,0.243875,0.0242878
28,29,0.0488621,0.0646667,0.2444,0.0220612
28,30,0.0488304,0.0646667,0.244892,0.0221195
28,31,0.0488006,0.0646667,0.245352,0.0241409
28,32,0.0487726,0.0646667,0.245785,0.0268352
28,33,0.0482419,0.0646667,0.253992,0.025263
28,34,0.0487215,0.0646667,0.246575,0.0277194
28,35,0.0482242,0.0646667,0.254266,0.0241199
28,36,0.0482159,0.0646667,0.254393,0.0347378
28,37,0.0482081,0.0646667,0.254515,0.0460085
28,38,0.048635,0.0646667,0.247913,0.0401489
28,39,0.048616,0.0646667,0.248206,0.0563093
28,40,0.0481865,0.0646667,0.254848,0.0322311
28,41,0.0481799,0.0646667,0.25495,0.0381519
28,42,0.0481736,0.0646667,0.255048,0.039126
28,43,0.0481675,0.0646667,0.255142,0.0320017
28,44,0.0481617,0.0646667,0.255232,0.0478112
28,45,0.0485197,0.0646667,0.249696,0.0498419
28,46,0.0481507,0.0646667,0.255402,0.0496746
28,47,0.0484929,0.0646667,0.25011,0.0461031
28,48,0.0481405,0.0646667,0.25556,0.0533653
28,49,0.0481357,0.0646667,0.255634,0.0523102
28,50,0.048131,0.0646667,0.255706,0.0657743
29,10,0.0375863,0.0522529,0.280686,0.014655
29,11,0.0393251,0.0522529,0.247408,0.0098234
29,12,0.0375447,0.0522529,0.281482,0.0094435
29,13,0.0375272,0.0522529,0.281816,0.0104049
29,14,0.0388604,0.0522529,0.256301,0.0108512
29,15,0.0387481,0.0522529,0.258451,0.0164669
29,16,0.0386501,0.0522529,0.260326,0.0145305
29,17,0.0374722,0.0522529,0.282869,0.0160689
29,18,0.0374611,0.0522529,0.283081,0.0186545
29,19,0.0374508,0.0522529,0.283278,0.0156448
29,20,0.0383575,0.0522529,0.265927,0.015843
29,21,0.0374324,0.0522529,0.283631,0.0197155
29,22,0.0374241,0.0522529,0.28379,0.0158178
29,23,0.0382051,0.0522529,0.268842,0.0174204
29,24,0.0381628,0.0522529,0.269652,0.0191018
29,25,0.0381239,0.0522529,0.270397,0.0202587
29,26,0.0373955,0.0522529,0.284336,0.0209766
29,27,0.0380547,0.0522529,0.271722,0.0226612
29,28,0.0380237,0.0522529,0.272314,0.022999
29,29,0.0379949,0.0522529,0.272866,0.0226994
29,30,0.037968,0.0522529,0.273381,0.0230169
29,31,0.0379428,0.0522529,0.273863,0.0258246
29,32,0.0379191,0.0522529,0.274315,0.0259431
29,33,0.0373586,0.0522529,0.285043,0.0268478
29,34,0.037876,0.0522529,0.275141,0.0270023
29,35,0.0373502,0.0522529,0.285204,0.0294436
29,36,0.0373462,0.0522529,0.28528,0.0290117
29,37,0.0373424,0.0522529,0.285352,0.0289197
29,38,0.0378032,0.0522529,0.276534,0.0338832
29,39,0.0377873,0.0522529,0.276839,0.031458
29,40,0.037332,0.0522529,0.285551,0.0298896
29,41,0.0373288,0.0522529,0.285612,0.0313786
29,42,0.0373258,0.0522529,0.285671,0.0372364
29,43,0.0373228,0.0522529,0.285728,0.0338526
29,44,0.03732,0.0522529,0.285782,0.0360932
29,45,0.0377065,0.0522529,0.278384,0.0377556
29,46,0.0373146,0.0522529,0.285885,0.0356417
29,47,0.0376841,0.0522529,0.278813,0.0395492
29,48,0.0373096,0.0522529,0.285981,0.0527547
29,49,0.0373072,0.0522529,0.286027,0.0502786
29,50,0.0373049,0.0522529,0.286071,0.0379741
30,10,0.0480135,0.0637721,0.247108,0.0075076
30,11,0.0496589,0.0637721,0.221308,0.0124526
30,12,0.0479181,0.0637721,0.248604,0.0096407
30,13,0.0478785,0.0637721,0.249225,0.009831
30,14,0.0491371,0.0637721,0.22949,0.0110851
30,15,0.0490097,0.0637721,0.231488,0.0126934
30,16,0.0488981,0.0637721,0.233237,0.0134925
30,17,0.0477557,0.0637721,0.251151,0.015835
30,18,0.0477314,0.0637721,0.251532,0.0145783
30,19,0.047709,0.0637721,0.251883,0.0156547
30,20,0.0485621,0.0637721,0.238506,0.0160793
30,21,0.0476691,0.0637721,0.252508,0.0161001
30,22,0.0476513,0.0637721,0.252789,0.0169588
30,23,0.0483853,0.0637721,0.241278,0.0188455
30,24,0.048336,0.0637721,0.242051,0.0185314
30,25,0.0482905,0.0637721,0.242765,0.0178638
30,26,0.0475906,0.0637721,0.253739,0.017864
30,27,0.0482093,0.0637721,0.244038,0.0205772
30,28,0.0481729,0.0637721,0.244608,0.0247042
30,29,0.048139,0.0637721,0.245141,0.0248337
30,30,0.0481072,0.0637721,0.245639,0.023083
30,31,0.0480774,0.0637721,0.246106,0.0262275
30,32,0.0480495,0.0637721,0.246544,0.0267701
30,33,0.0475134,0.0637721,0.25495,0.0242427
30,34,0.0479983,0.0637721,0.247347,0.0276127
30,35,0.047496,0.0637721,0.255224,0.0269899
30,36,0.0474879,0.0637721,0.255351,0.0277791
30,37,0.0474801,0.0637721,0.255473,0.028661
30,38,0.0479116,0.0637721,0.248707,0.0288889
30,39,0.0478926,0.0637721,0.249004,0.0320792
30,40,0.0474588,0.0637721,0.255807,0.0320591
30,41,0.0474522,0.0637721,0.255909,0.0307701
30,42,0.047446,0.0637721,0.256008,0.0326185
30,43,0.0474399,0.0637721,0.256102,0.034609
30,44,0.0474341,0.0637721,0.256193,0.037972
30,45,0.0477958,0.0637721,0.250522,0.0280486
30,46,0.0474232,0.0637721,0.256365,0.0368118
30,47,0.0477689,0.0637721,0.250944,0.0373333
30,48,0.047413,0.0637721,0.256525,0.0453153
30,49,0.0474082,0.0637721,0.2566,0.0379568
30,50,0.0474035,0.0637721,0.256673,0.0413131
31,10,0.0376522,0.0522529,0.279424,0.0095388
31,11,0.0393989,0.0522529,0.245997,0.0102827
31,12,0.0376158,0.0522529,0.280121,0.009873
31,13,0.0376004,0.0522529,0.280415,0.0098627
31,14,0.0389389,0.0522529,0.254799,0.0104125
31,15,0.0388277,0.0522529,0.256927,0.0144352
31,16,0.0387307,0.0522529,0.258783,0.0156228
31,17,0.037551,0.0522529,0.28136,0.0128949
31,18,0.037541,0.0522529,0.281553,0.025415
31,19,0.0375316,0.0522529,0.281733,0.0238015
31,20,0.0384409,0.0522529,0.26433,0.019671
31,21,0.0375146,0.0522529,0.282058,0.0249823
31,22,0.0375068,0.0522529,0.282206,0.0209481
31,23,0.0382899,0.0522529,0.267219,0.0316762
31,24,0.038248,0.0522529,0.268022,0.0217336
31,25,0.0382093,0.0522529,0.268762,0.0208179
31,26,0.0374801,0.0522529,0.282718,0.039763
31,27,0.0381406,0.0522529,0.270077,0.041974
31,28,0.0381099,0.0522529,0.270665,0.0230844
31,29,0.0380812,0.0522529,0.271213,0.028461
31,30,0.0380545,0.0522529,0.271725,0.0394883
31,31,0.0380294,0.0522529,0.272205,0.029934
31,32,0.0380059,0.0522529,0.272655,0.0365132
31,33,0.0374448,0.0522529,0.283393,0.0361242
31,34,0.037963,0.0522529,0.273476,0.0320541
31,35,0.0374367,0.0522529,0.283549,0.030971
31,36,0.0374328,0.0522529,0.283622,0.0374455
31,37,0.0374292,0.0522529,0.283692,0.0322859
31,38,0.0378905,0.0522529,0.274864,0.0374334
31,39,0.0378746,0.0522529,0.275167,0.0475362
31,40,0.037419,0.0522529,0.283886,0.0390309
31,41,0.0374159,0.0522529,0.283946,0.0314833
31,42,0.0374129,0.0522529,0.284004,0.0331661
31,43,0.03741,0.0522529,0.284059,0.0357855
31,44,0.0374072,0.0522529,0.284113,0.0384673
31,45,0.0377941,0.0522529,0.276709,0.0350633
31,46,0.0374019,0.0522529,0.284214,0.59032
31,47,0.0377717,0.0522529,0.277137,0.0468562
31,48,0.0373969,0.0522529,0.284309,0.0434282
31,49,0.0373946,0.0522529,0.284354,0.0435481
31,50,0.0373923,0.0522529,0.284398,0.0433512
32,10,0.0473544,0.0629975,0.248313,0.0091531
32,11,0.0490197,0.0629975,0.221878,0.0104431
32,12,0.0472664,0.0629975,0.24971,0.0098599
32,13,0.0472297,0.0629975,0.250292,0.0116691
32,14,0.0485032,0.0629975,0.230077,0.0125671
32,15,0.0483771,0.0629975,0.232079,0.0144212
32,16,0.0482666,0.0629975,0.233833,0.0132401
32,17,0.0471149,0.0629975,0.252114,0.0134524
32,18,0.047092,0.0629975,0.252478,0.0141315
32,19,0.0470709,0.0629975,0.252814,0.0155568
32,20,0.0479335,0.0629975,0.23912,0.0182712
32,21,0.047033,0.0629975,0.253414,0.0159991
32,22,0.047016,0.0629975,0.253685,0.0183034
32,23,0.047758,0.0629975,0.241906,0.0231873
32,24,0.047709,0.0629975,0.242684,0.0213975
32,25,0.0476638,0.0629975,0.243402,0.0230008
32,26,0.0469578,0.0629975,0.254608,0.0215032
32,27,0.047583,0.0629975,0.244684,0.0216346
32,28,0.0475468,0.0629975,0.245259,0.0233859
32,29,0.047513,0.0629975,0.245796,0.0254545
32,30,0.0474813,0.0629975,0.246298,0.0263476
32,31,0.0474516,0.0629975,0.246769,0.0250592
32,32,0.0474237,0.0629975,0.247212,0.0264375
32,33,0.046883,0.0629975,0.255796,0.0356747
32,34,0.0473727,0.0629975,0.248023,0.0282931
32,35,0.046866,0.0629975,0.256066,0.0283336
32,36,0.046858,0.0629975,0.256192,0.0278628
32,37,0.0468504,0.0629975,0.256313,0.0310678
32,38,0.047286,0.0629975,0.249398,0.047454
32,39,0.047267,0.0629975,0.2497,0.0529152
32,40,0.0468295,0.0629975,0.256645,0.0338015
32,41,0.046823,0.0629975,0.256747,0.0546213
32,42,0.0468168,0.0629975,0.256846,0.0735006
32,43,0.0468109,0.0629975,0.25694,0.075727
32,44,0.0468052,0.0629975,0.257031,0.0448237
32,45,0.0471701,0.0629975,0.251238,0.0527633
32,46,0.0467943,0.0629975,0.257203,0.0494112
32,47,0.0471431,0.0629975,0.251667,0.0490753
32,48,0.0467842,0.0629975,0.257363,0.0405087
32,49,0.0467794,0.0629975,0.257439,0.0410234
32,50,0.0467748,0.0629975,0.257513,0.0630826
33,10,0.0376998,0.0522529,0.278513,0.0076838
33,11,0.0394545,0.0522529,0.244932,0.009843
33,12,0.0376686,0.0522529,0.27911,0.0107142
33,13,0.0376553,0.0522529,0.279365,0.0090582
33,14,0.0389995,0.0522529,0.25364,0.0150329
33,15,0.0388895,0.0522529,0.255744,0.0122473
33,16,0.0387936,0.0522529,0.25758,0.014264
33,17,0.0376119,0.0522529,0.280194,0.0157583
33,18,0.0376029,0.0522529,0.280367,0.0164453
33,19,0.0375945,0.0522529,0.280528,0.0229967
33,20,0.038507,0.0522529,0.263066,0.024492
33,21,0.0375791,0.0522529,0.280823,0.0202575
33,22,0.037572,0.0522529,0.280958,0.0247135
33,23,0.0383575,0.0522529,0.265926,0.021566
33,24,0.038316,0.0522529,0.266721,0.0225782
33,25,0.0382777,0.0522529,0.267453,0.0297105
33,26,0.0375473,0.0522529,0.281431,0.0258159
33,27,0.0382096,0.0522529,0.268757,0.0345683
33,28,0.0381791,0.0522529,0.26934,0.0323098
33,29,0.0381507,0.0522529,0.269883,0.0577114
33,30,0.0381242,0.0522529,0.270391,0.0290037
33,31,0.0380993,0.0522529,0.270867,0.0271544
33,32,0.038076,0.0522529,0.271314,0.028915
33,33,0.0375141,0.0522529,0.282067,0.032253
33,34,0.0380334,0.0522529,0.27213,0.0434067
33,35,0.0375064,0.0522529,0.282215,0.0311513
33,36,0.0375027,0.0522529,0.282285,0.0345993
33,37,0.0374992,0.0522529,0.282352,0.0326828
33,38,0.0379613,0.0522529,0.273509,0.0330963
33,39,0.0379455,0.0522529,0.273811,0.0415125
33,40,0.0374894,0.0522529,0.282539,0.048597
33,41,0.0374864,0.0522529,0.282597,0.0449421
33,42,0.0374835,0.0522529,0.282653,0.0372573
33,43,0.0374807,0.0522529,0.282707,0.0467151
33,44,0.0374779,0.0522529,0.282759,0.0470653
33,45,0.0378653,0.0522529,0.275346,0.0490039
33,46,0.0374728,0.0522529,0.282858,0.0401776
33,47,0.037843,0.0522529,0.275772,0.0392783
33,48,0.0374679,0.0522529,0.282951,0.040354
33,49,0.0374656,0.0522529,0.282995,0.0433065
33,50,0.0374634,0.0522529,0.283038,0.0398009
34,10,0.0467732,0.0623202,0.249469,0.0089219
34,11,0.0484565,0.0623202,0.222459,0.0118543
34,12,0.0466925,0.0623202,0.250765,0.0101369
34,13,0.0466587,0.0623202,0.251307,0.0108077
34,14,0.0479458,0.0623202,0.230654,0.012924
34,15,0.0478211,0.0623202,0.232655,0.015643
34,16,0.0477118,0.0623202,0.234408,0.0152746
34,17,0.0465521,0.0623202,0.253017,0.0190238
34,18,0.0465307,0.0623202,0.25336,0.0162175
34,19,0.0465109,0.0623202,0.253679,0.0175555
34,20,0.0473822,0.0623202,0.239697,0.0255376
34,21,0.0464752,0.0623202,0.254251,0.0183162
34,22,0.0464591,0.0623202,0.25451,0.0198306
34,23,0.0472084,0.0623202,0.242486,0.0233445
34,24,0.0471598,0.0623202,0.243265,0.0212736
34,25,0.047115,0.0623202,0.243985,0.0228932
34,26,0.0464037,0.0623202,0.255398,0.0227763
34,27,0.0470348,0.0623202,0.245272,0.0252845
34,28,0.0469988,0.0623202,0.245849,0.0263462
34,29,0.0469653,0.0623202,0.246388,0.0345918
34,30,0.0469338,0.0623202,0.246892,0.0265257
34,31,0.0469043,0.0623202,0.247366,0.0271078
34,32,0.0468765,0.0623202,0.247811,0.0282255
34,33,0.0463317,0.0623202,0.256554,0.0283889
34,34,0.0468257,0.0623202,0.248627,0.0304174
34,35,0.0463152,0.0623202,0.256819,0.0311167
34,36,0.0463074,0.0623202,0.256943,0.0390226
34,37,0.0463,0.0623202,0.257062,0.0337967
34,38,0.0467394,0.0623202,0.250012,0.0321713
34,39,0.0467204,0.0623202,0.250316,0.0476355
34,40,0.0462796,0.0623202,0.25739,0.0387023
34,41,0.0462733,0.0623202,0.257491,0.0385412
34,42,0.0462672,0.0623202,0.257589,0.0392544
34,43,0.0462614,0.0623202,0.257682,0.0385379
34,44,0.0462557,0.0623202,0.257773,0.0390766
34,45,0.0466237,0.0623202,0.251868,0.0401166
34,46,0.0462451,0.0623202,0.257944,0.0435422
34,47,0.0465967,0.0623202,0.252302,0.0677663
34,48,0.0462351,0.0623202,0.258103,0.0423109
34,49,0.0462304,0.0623202,0.258179,0.0420861
34,50,0.0462258,0.0623202,0.258253,0.0468086
35,10,0.0377331,0.0522529,0.277876,0.0102995
35,11,0.0394959,0.0522529,0.24414,0.0116542
35,12,0.0377071,0.0522529,0.278374,0.0110916
35,13,0.0376959,0.0522529,0.278588,0.0117435
35,14,0.0390459,0.0522529,0.252752,0.014135
35,15,0.0389372,0.0522529,0.254831,0.0153875
35,16,0.0388425,0.0522529,0.256645,0.0166681
35,17,0.0376587,0.0522529,0.279299,0.0164174
35,18,0.0376509,0.0522529,0.27945,0.0159632
35,19,0.0376434,0.0522529,0.279592,0.0174251
35,20,0.0385593,0.0522529,0.262065,0.0184313
35,21,0.0376297,0.0522529,0.279854,0.0190711
35,22,0.0376234,0.0522529,0.279975,0.0214352
35,23,0.0384116,0.0522529,0.264891,0.02345
35,24,0.0383705,0.0522529,0.265678,0.0230846
35,25,0.0383327,0.0522529,0.266402,0.0254648
35,26,0.037601,0.0522529,0.280404,0.023019
35,27,0.0382653,0.0522529,0.267692,0.027056
35,28,0.0382351,0.0522529,0.268269,0.0264628
35,29,0.038207,0.0522529,0.268807,0.0276165
35,30,0.0381807,0.0522529,0.26931,0.0298969
35,31,0.0381561,0.0522529,0.269781,0.0312673
35,32,0.038133,0.0522529,0.270223,0.0294242
35,33,0.0375702,0.0522529,0.280993,0.0310917
35,34,0.0380907,0.0522529,0.271032,0.030169
35,35,0.0375629,0.0522529,0.281133,0.0377198
35,36,0.0375595,0.0522529,0.281199,0.0371174
35,37,0.0375561,0.0522529,0.281263,0.0431317
35,38,0.0380192,0.0522529,0.2724,0.0406957
35,39,0.0380036,0.0522529,0.2727,0.0378829
35,40,0.0375468,0.0522529,0.281441,0.0359344
35,41,0.0375439,0.0522529,0.281496,0.037962
35,42,0.0375411,0.0522529,0.28155,0.051937
35,43,0.0375384,0.0522529,0.281601,0.0409269
35,44,0.0375358,0.0522529,0.281651,0.22854
35,45,0.0379239,0.0522529,0.274225,0.0489202
35,46,0.0375308,0.0522529,0.281747,0.0483462
35,47,0.0379017,0.0522529,0.27465,0.0510523
35,48,0.0375261,0.0522529,0.281837,0.0460666
35,49,0.0375239,0.0522529,0.28188,0.0469915
35,50,0.0375217,0.0522529,0.281921,0.0427951
36,10,0.0462558,0.061723,0.25059,0.0124601
36,11,0.0479555,0.061723,0.223054,0.010567
36,12,0.0461822,0.061723,0.251783,0.0119158
36,13,0.0461513,0.061723,0.252284,0.0130843
36,14,0.0474509,0.061723,0.231229,0.0141778
36,15,0.0473277,0.061723,0.233224,0.0148204
36,16,0.0472198,0.061723,0.234973,0.0150005
36,17,0.0460531,0.061723,0.253874,0.0153805
36,18,0.0460333,0.061723,0.254196,0.0155216
36,19,0.0460148,0.061723,0.254496,0.0181166
36,20,0.0468942,0.061723,0.240248,0.0202015
36,21,0.0459814,0.061723,0.255037,0.0177343
36,22,0.0459662,0.061723,0.255282,0.0203633
36,23,0.0467224,0.061723,0.243032,0.0232609
36,24,0.0466743,0.061723,0.243811,0.0242479
36,25,0.0466299,0.061723,0.244531,0.0276069
36,26,0.0459139,0.061723,0.256129,0.0220882
36,27,0.0465505,0.061723,0.245817,0.0268702
36,28,0.0465148,0.061723,0.246394,0.0278669
36,29,0.0464816,0.061723,0.246933,0.0317268
36,30,0.0464504,0.061723,0.247438,0.0344176
36,31,0.0464211,0.061723,0.247913,0.0400013
36,32,0.0463936,0.061723,0.248359,0.0339831
36,33,0.0458451,0.061723,0.257245,0.0307105
36,34,0.0463431,0.061723,0.249176,0.0374739
36,35,0.0458291,0.061723,0.257503,0.0442987
36,36,0.0458217,0.061723,0.257624,0.0360144
36,37,0.0458145,0.061723,0.25774,0.0342392
36,38,0.0462573,0.061723,0.250566,0.0369423
36,39,0.0462385,0.061723,0.250871,0.0397141
36,40,0.0457946,0.061723,0.258062,0.0372479
36,41,0.0457885,0.061723,0.258162,0.0417059
36,42,0.0457826,0.061723,0.258257,0.0440778
36,43,0.0457769,0.061723,0.258349,0.0396621
36,44,0.0457714,0.061723,0.258439,0.0420127
36,45,0.0461421,0.061723,0.252432,0.0418949
36,46,0.045761,0.061723,0.258608,0.0433435
36,47,0.0461152,0.061723,0.252869,0.0426588
36,48,0.0457512,0.061723,0.258766,0.0460756
36,49,0.0457466,0.061723,0.258841,0.0425246
36,50,0.0457421,0.061723,0.258914,0.0524606
37,10,0.0377551,0.0522529,0.277455,0.0082552
37,11,0.0395259,0.0522529,0.243566,0.0115313
37,12,0.0377341,0.0522529,0.277857,0.0108956
37,13,0.037725,0.0522529,0.27803,0.0288194
37,14,0.039081,0.0522529,0.252081,0.0173861
37,15,0.0389737,0.0522529,0.254134,0.0254966
37,16,0.0388801,0.0522529,0.255925,0.0240939
37,17,0.0376942,0.0522529,0.27862,0.0150076
37,18,0.0376875,0.0522529,0.278748,0.028899
37,19,0.0376812,0.0522529,0.27887,0.0379869
37,20,0.0386005,0.0522529,0.261275,0.0244035
37,21,0.0376693,0.0522529,0.279097,0.0223386
37,22,0.0376638,0.0522529,0.279203,0.0407536
37,23,0.0384547,0.0522529,0.264065,0.0381729
37,24,0.0384142,0.0522529,0.264842,0.0321621
37,25,0.0383768,0.0522529,0.265557,0.0323665
37,26,0.0376438,0.0522529,0.279584,0.0261283
37,27,0.0383102,0.0522529,0.266831,0.0510937
37,28,0.0382804,0.0522529,0.267401,0.0411647
37,29,0.0382527,0.0522529,0.267932,0.030427
37,30,0.0382267,0.0522529,0.26843,0.0498586
37,31,0.0382023,0.0522529,0.268896,0.0346926
37,32,0.0381795,0.0522529,0.269333,0.0434196
37,33,0.0376158,0.0522529,0.280121,0.047892
37,34,0.0381377,0.0522529,0.270133,0.0444292
37,35,0.037609,0.0522529,0.280251,0.0429323
37,36,0.0376058,0.0522529,0.280313,0.0507027
37,37,0.0376027,0.0522529,0.280372,0.0434373
37,38,0.0380669,0.0522529,0.271488,0.035891
37,39,0.0380514,0.0522529,0.271785,0.0395436
37,40,0.0375939,0.0522529,0.280539,0.0371001
37,41,0.0375912,0.0522529,0.280592,0.0510559
37,42,0.0375885,0.0522529,0.280642,0.0461321
37,43,0.037586,0.0522529,0.280691,0.0411298
37,44,0.0375835,0.0522529,0.280739,0.0453595
37,45,0.0379723,0.0522529,0.273297,0.0513384
37,46,0.0375787,0.0522529,0.28083,0.0780839
37,47,0.0379503,0.0522529,0.273719,0.0644219
37,48,0.0375742,0.0522529,0.280916,0.0512397
37,49,0.0375721,0.0522529,0.280957,0.082998
37,50,0.03757,0.0522529,0.280997,0.0770209
38,10,0.0457921,0.0611926,0.251673,0.0158109
38,11,0.0475061,0.0611926,0.223662,0.0129546
38,12,0.0457248,0.0611926,0.252772,0.0134314
38,13,0.0456967,0.0611926,0.253231,0.0155124
38,14,0.0470078,0.0611926,0.231806,0.0285546
38,15,0.0468862,0.0611926,0.233793,0.0237887
38,16,0.0467797,0.0611926,0.235533,0.0223049
38,17,0.045607,0.0611926,0.254698,0.0227293
38,18,0.0455886,0.0611926,0.254998,0.0267549
38,19,0.0455715,0.0611926,0.255277,0.0216039
38,20,0.0464585,0.0611926,0.240783,0.023624
38,21,0.0455405,0.0611926,0.255784,0.0296511
38,22,0.0455264,0.0611926,0.256014,0.0237305
38,23,0.0462888,0.0611926,0.243555,0.0357114
38,24,0.0462413,0.0611926,0.244332,0.0303942
38,25,0.0461974,0.0611926,0.245049,0.0511083
38,26,0.0454773,0.0611926,0.256816,0.0247969
38,27,0.046119,0.0611926,0.246331,0.0278537
38,28,0.0460838,0.0611926,0.246906,0.0330755
38,29,0.0460508,0.0611926,0.247444,0.0302259
38,30,0.04602,0.0611926,0.247949,0.0355159
38,31,0.045991,0.0611926,0.248422,0.0330122
38,32,0.0459637,0.0611926,0.248868,0.0334538
38,33,0.0454119,0.0611926,0.257885,0.0433809
38,34,0.0459138,0.0611926,0.249684,0.0395142
38,35,0.0453967,0.0611926,0.258134,0.0385073
38,36,0.0453895,0.0611926,0.258251,0.0362123
38,37,0.0453826,0.0611926,0.258364,0.0342205
38,38,0.0458287,0.0611926,0.251074,0.0353281
38,39,0.04581,0.0611926,0.25138,0.040683
38,40,0.0453635,0.0611926,0.258677,0.0384561
38,41,0.0453576,0.0611926,0.258774,0.0430595
38,42,0.0453518,0.0611926,0.258867,0.045153
38,43,0.0453463,0.0611926,0.258957,0.0439585
38,44,0.045341,0.0611926,0.259045,0.0396144
38,45,0.0457143,0.0611926,0.252944,0.0437533
38,46,0.0453308,0.0611926,0.25921,0.0442572
38,47,0.0456875,0.0611926,0.253382,0.0466844
38,48,0.0453213,0.0611926,0.259366,0.0458875
38,49,0.0453168,0.0611926,0.25944,0.0490548
38,50,0.0453124,0.0611926,0.259511,0.049696
39,10,0.0377677,0.0522529,0.277213,0.0110466
39,11,0.0395466,0.0522529,0.243169,0.0107431
39,12,0.0377519,0.0522529,0.277516,0.0117007
39,13,0.0377449,0.0522529,0.277649,0.0123801
39,14,0.0391068,0.0522529,0.251586,0.0155308
39,15,0.0390008,0.0522529,0.253614,0.0214832
39,16,0.0389085,0.0522529,0.255381,0.0175258
39,17,0.0377205,0.0522529,0.278117,0.0189104
39,18,0.037715,0.0522529,0.278221,0.0192499
39,19,0.0377098,0.0522529,0.278322,0.0183666
39,20,0.0386328,0.0522529,0.260658,0.0203318
39,21,0.0376998,0.0522529,0.278513,0.021479
39,22,0.0376951,0.0522529,0.278603,0.0217378
39,23,0.038489,0.0522529,0.263409,0.0257732
39,24,0.038449,0.0522529,0.264175,0.0336802
39,25,0.0384122,0.0522529,0.26488,0.0399072
39,26,0.0376778,0.0522529,0.278933,0.0300893
39,27,0.0383465,0.0522529,0.266137,0.0605131
39,28,0.0383171,0.0522529,0.266699,0.031168
39,29,0.0382897,0.0522529,0.267224,0.0392186
39,30,0.0382641,0.0522529,0.267714,0.0360725
39,31,0.03824,0.0522529,0.268174,0.0368887
39,32,0.0382175,0.0522529,0.268606,0.0313401
39,33,0.0376527,0.0522529,0.279414,0.0363235
39,34,0.0381762,0.0522529,0.269396,0.0449376
39,35,0.0376466,0.0522529,0.279532,0.0432741
39,36,0.0376436,0.0522529,0.279589,0.0451421
39,37,0.0376407,0.0522529,0.279643,0.0469444
39,38,0.0381062,0.0522529,0.270735,0.0531832
39,39,0.0380909,0.0522529,0.271029,0.05616
39,40,0.0376326,0.0522529,0.279798,0.0423329
39,41,0.0376301,0.0522529,0.279847,0.0434659
39,42,0.0376276,0.0522529,0.279894,0.0421643
39,43,0.0376252,0.0522529,0.27994,0.0467736
39,44,0.0376229,0.0522529,0.279985,0.0463068
39,45,0.0380127,0.0522529,0.272526,0.0501483
39,46,0.0376184,0.0522529,0.28007,0.0486646
39,47,0.0379908,0.0522529,0.272943,0.0471818
39,48,0.0376142,0.0522529,0.280152,0.0470341
39,49,0.0376121,0.0522529,0.28019,0.0484739
39,50,0.0376102,0.0522529,0.280228,0.0487401
40,10,0.0453717,0.0607183,0.252751,0.0108593
40,11,0.0471,0.0607183,0.224286,0.012193
40,12,0.0453117,0.0607183,0.253739,0.0125694
40,13,0.0452864,0.0607183,0.254155,0.012814
40,14,0.0466081,0.0607183,0.232389,0.0148403
40,15,0.0464882,0.0607183,0.234363,0.0176621
40,16,0.0463832,0.0607183,0.236093,0.0175956
40,17,0.045205,0.0607183,0.255497,0.0221054
40,18,0.0451882,0.0607183,0.255773,0.0179234
40,19,0.0451725,0.0607183,0.256031,0.01984
40,20,0.0460665,0.0607183,0.241309,0.0212568
40,21,0.045144,0.0607183,0.256501,0.0216859
40,22,0.0451309,0.0607183,0.256717,0.0225004
40,23,0.0458992,0.0607183,0.244063,0.023721
40,24,0.0458524,0.0607183,0.244835,0.0248316
40,25,0.0458091,0.0607183,0.245548,0.0268869
40,26,0.0450852,0.0607183,0.257469,0.030027
40,27,0.0457317,0.0607183,0.246823,0.0287152
40,28,0.0456969,0.0607183,0.247395,0.0307325
40,29,0.0456644,0.0607183,0.247931,0.0296172
40,30,0.0456339,0.0607183,0.248433,0.0312699
40,31,0.0456053,0.0607183,0.248904,0.0329214
40,32,0.0455784,0.0607183,0.249348,0.0371944
40,33,0.0450236,0.0607183,0.258484,0.0407659
40,34,0.0455289,0.0607183,0.250161,0.0406011
40,35,0.0450091,0.0607183,0.258723,0.0391495
40,36,0.0450022,0.0607183,0.258836,0.0370894
40,37,0.0449957,0.0607183,0.258944,0.0394658
40,38,0.0454448,0.0607183,0.251548,0.043132
40,39,0.0454263,0.0607183,0.251853,0.0555066
40,40,0.0449773,0.0607183,0.259246,0.0579172
40,41,0.0449716,0.0607183,0.25934,0.0590046
40,42,0.0449661,0.0607183,0.259431,0.0581937
40,43,0.0449608,0.0607183,0.259518,0.0714822
40,44,0.0449557,0.0607183,0.259603,0.0525935
40,45,0.0453314,0.0607183,0.253415,0.0535698
40,46,0.0449458,0.0607183,0.259765,0.0558841
40,47,0.0453048,0.0607183,0.253853,0.0548584
40,48,0.0449366,0.0607183,0.259916,0.0557679
40,49,0.0449322,0.0607183,0.259989,0.0573807
40,50,0.044928,0.0607183,0.260059,0.0631976
41,10,0.0377732,0.0522529,0.277109,0.0125889
41,11,0.03956,0.0522529,0.242913,0.0134223
41,12,0.0377623,0.0522529,0.277318,0.0142989
41,13,0.0377573,0.0522529,0.277412,0.0163373
41,14,0.039125,0.0522529,0.251238,0.0159825
41,15,0.0390204,0.0522529,0.253239,0.0217556
41,16,0.0389293,0.0522529,0.254983,0.0214414
41,17,0.0377393,0.0522529,0.277758,0.0194926
41,18,0.037735,0.0522529,0.277839,0.0242347
41,19,0.0377309,0.0522529,0.277918,0.0223005
41,20,0.0386575,0.0522529,0.260185,0.0263354
41,21,0.0377229,0.0522529,0.278071,0.0240647
41,22,0.037719,0.0522529,0.278145,0.0260723
41,23,0.0385159,0.0522529,0.262894,0.0302777
41,24,0.0384765,0.0522529,0.263648,0.0366722
41,25,0.0384402,0.0522529,0.264343,0.0272634
41,26,0.0377045,0.0522529,0.278422,0.0298248
41,27,0.0383755,0.0522529,0.265581,0.0307035
41,28,0.0383466,0.0522529,0.266135,0.0301375
41,29,0.0383196,0.0522529,0.266652,0.0315757
41,30,0.0382943,0.0522529,0.267135,0.0313703
41,31,0.0382706,0.0522529,0.267588,0.03508
41,32,0.0382484,0.0522529,0.268014,0.032379
41,33,0.0376826,0.0522529,0.278841,0.0334375
41,34,0.0382077,0.0522529,0.268793,0.039872
41,35,0.0376771,0.0522529,0.278947,0.0375069
41,36,0.0376744,0.0522529,0.278998,0.0406266
41,37,0.0376719,0.0522529,0.279048,0.0431242
41,38,0.0381387,0.0522529,0.270114,0.0432878
41,39,0.0381235,0.0522529,0.270404,0.040697
41,40,0.0376645,0.0522529,0.279189,0.0415441
41,41,0.0376622,0.0522529,0.279233,0.0452471
41,42,0.0376599,0.0522529,0.279277,0.0441971
41,43,0.0376577,0.0522529,0.279319,0.0559627
41,44,0.0376555,0.0522529,0.27936,0.045195
41,45,0.0380463,0.0522529,0.271882,0.0481103
41,46,0.0376514,0.0522529,0.27944,0.0482371
41,47,0.0380247,0.0522529,0.272295,0.0527286
41,48,0.0376474,0.0522529,0.279515,0.0521669
41,49,0.0376455,0.0522529,0.279552,0.0587503
41,50,0.0376437,0.0522529,0.279588,0.0658267
42,10,0.0449896,0.0602917,0.253801,0.0162086
42,11,0.046732,0.0602917,0.224902,0.0128638
42,12,0.0449363,0.0602917,0.254686,0.0123397
42,13,0.0449136,0.0602917,0.255062,0.0150899
42,14,0.0462451,0.0602917,0.232978,0.0153769
42,15,0.0461269,0.0602917,0.234938,0.0171164
42,16,0.0460234,0.0602917,0.236655,0.0178632
42,17,0.0448404,0.0602917,0.256277,0.0189764
42,18,0.0448252,0.0602917,0.256529,0.0195826
42,19,0.0448109,0.0602917,0.256765,0.0214434
42,20,0.0457114,0.0602917,0.24183,0.0206927
42,21,0.0447849,0.0602917,0.257197,0.0225093
42,22,0.0447729,0.0602917,0.257396,0.0228361
42,23,0.0455467,0.0602917,0.244562,0.0249357
42,24,0.0455006,0.0602917,0.245327,0.0260972
42,25,0.0454579,0.0602917,0.246034,0.0276268
42,26,0.0447307,0.0602917,0.258096,0.0286783
42,27,0.0453817,0.0602917,0.247299,0.0322018
42,28,0.0453474,0.0602917,0.247868,0.0288972
42,29,0.0453153,0.0602917,0.248399,0.0313155
42,30,0.0452853,0.0602917,0.248897,0.0330282
42,31,0.0452571,0.0602917,0.249366,0.0341268
42,32,0.0452305,0.0602917,0.249806,0.0349457
42,33,0.044673,0.0602917,0.259053,0.0357706
42,34,0.0451817,0.0602917,0.250615,0.0356059
42,35,0.0446593,0.0602917,0.25928,0.0370034
42,36,0.0446528,0.0602917,0.259387,0.0374202
42,37,0.0446466,0.0602917,0.259491,0.0388469
42,38,0.0450986,0.0602917,0.251994,0.045905
42,39,0.0450803,0.0602917,0.252297,0.0482806
42,40,0.0446291,0.0602917,0.25978,0.0426643
42,41,0.0446237,0.0602917,0.259871,0.0545811
42,42,0.0446184,0.0602917,0.259958,0.04724
42,43,0.0446134,0.0602917,0.260042,0.0519169
42,44,0.0446084,0.0602917,0.260124,0.058244
42,45,0.0449864,0.0602917,0.253854,0.0677047
42,46,0.044599,0.0602917,0.26028,0.0802777
42,47,0.0449601,0.0602917,0.254291,0.0687919
42,48,0.0445901,0.0602917,0.260427,0.0894276
42,49,0.0445859,0.0602917,0.260497,0.0859454
42,50,0.0445818,0.0602917,0.260566,0.0654071
43,10,0.0377727,0.0522529,0.277118,0.01286
43,11,0.0395655,0.0522529,0.242807,0.0129174
43,12,0.0377663,0.0522529,0.27724,0.0163764
43,13,0.0377635,0.0522529,0.277294,0.0226782
43,14,0.0391369,0.0522529,0.25101,0.0173015
43,15,0.0390337,0.0522529,0.252986,0.0229713
43,16,0.0389438,0.0522529,0.254705,0.0198405
43,17,0.0377517,0.0522529,0.277519,0.0245001
43,18,0.0377487,0.0522529,0.277577,0.0218011
43,19,0.0377457,0.0522529,0.277634,0.020457
43,20,0.038676,0.0522529,0.259831,0.0289907
43,21,0.0377397,0.0522529,0.277749,0.0323476
43,22,0.0377367,0.0522529,0.277806,0.0289066
43,23,0.0385366,0.0522529,0.262498,0.0258823
43,24,0.0384979,0.0522529,0.26324,0.0300997
43,25,0.0384622,0.0522529,0.263923,0.0339784
43,26,0.0377251,0.0522529,0.278028,0.0444706
43,27,0.0383985,0.0522529,0.265141,0.0435619
43,28,0.03837,0.0522529,0.265686,0.0302823
43,29,0.0383435,0.0522529,0.266195,0.0332364
43,30,0.0383186,0.0522529,0.26667,0.0358225
43,31,0.0382953,0.0522529,0.267116,0.0363042
43,32,0.0382734,0.0522529,0.267536,0.0412669
43,33,0.0377066,0.0522529,0.278383,0.042006
43,34,0.0382333,0.0522529,0.268302,0.0430698
43,35,0.0377018,0.0522529,0.278475,0.0648958
43,36,0.0376995,0.0522529,0.27852,0.0902049
43,37,0.0376972,0.0522529,0.278563,0.054639
43,38,0.0381654,0.0522529,0.269603,0.0452683
43,39,0.0381504,0.0522529,0.269889,0.0472462
43,40,0.0376906,0.0522529,0.278689,0.0859104
43,41,0.0376885,0.0522529,0.278729,0.0618059
43,42,0.0376865,0.0522529,0.278768,0.0775405
43,43,0.0376844,0.0522529,0.278807,0.0659927
43,44,0.0376825,0.0522529,0.278844,0.0670254
43,45,0.0380743,0.0522529,0.271347,0.0901658
43,46,0.0376787,0.0522529,0.278917,0.117122
43,47,0.038053,0.0522529,0.271754,0.0832162
43,48,0.0376751,0.0522529,0.278986,0.0806087
43,49,0.0376733,0.0522529,0.27902,0.055176
43,50,0.0376716,0.0522529,0.279053,0.0611349
44,10,0.0446401,0.059906,0.254832,0.0129126
44,11,0.0463881,0.059906,0.225652,0.0135257
44,12,0.0445922,0.059906,0.25563,0.0138367
44,13,0.0445729,0.059906,0.255953,0.013575
44,14,0.0459136,0.059906,0.233573,0.025299
44,15,0.045797,0.059906,0.235519,0.0311278
44,16,0.0456951,0.059906,0.237221,0.0261141
44,17,0.0445077,0.059906,0.257041,0.0263432
44,18,0.0444941,0.059906,0.257269,0.054856
44,19,0.0444813,0.059906,0.257483,0.0374075
44,20,0.0453879,0.059906,0.242349,0.0234807
44,21,0.0444577,0.059906,0.257877,0.0209217
44,22,0.0444468,0.059906,0.258058,0.0283272
44,23,0.0452258,0.059906,0.245054,0.0337772
44,24,0.0451804,0.059906,0.245812,0.0334801
44,25,0.0451385,0.059906,0.246512,0.0520932
44,26,0.0444082,0.059906,0.258703,0.0326331
44,27,0.0450634,0.059906,0.247765,0.032733
44,28,0.0450297,0.059906,0.248328,0.0445783
44,29,0.0449981,0.059906,0.248855,0.0345547
44,30,0.0449685,0.059906,0.249349,0.0434789
44,31,0.0449407,0.059906,0.249813,0.0519422
44,32,0.0449146,0.059906,0.25025,0.0480873
44,33,0.0443546,0.059906,0.259597,0.0391645
44,34,0.0448665,0.059906,0.251052,0.0408221
44,35,0.0443418,0.059906,0.259811,0.0418562
44,36,0.0443357,0.059906,0.259913,0.0384052
44,37,0.0443298,0.059906,0.260011,0.0403584
44,38,0.0447846,0.059906,0.25242,0.0525659
44,39,0.0447665,0.059906,0.252721,0.0602896
44,40,0.0443133,0.059906,0.260286,0.0839985
44,41,0.0443082,0.059906,0.260372,0.0739158
44,42,0.0443032,0.059906,0.260456,0.0893609
44,43,0.0442983,0.059906,0.260536,0.0613407
44,44,0.0442936,0.059906,0.260615,0.070938
44,45,0.0446738,0.059906,0.254268,0.070576
44,46,0.0442847,0.059906,0.260765,0.0545684
44,47,0.0446478,0.059906,0.254703,0.0604463
44,48,0.0442762,0.059906,0.260906,0.0714039
44,49,0.0442721,0.059906,0.260974,0.0675025
44,50,0.0442682,0.059906,0.26104,0.0643893
45,10,0.0377673,0.0522529,0.27722,0.0132545
45,11,0.0395702,0.0522529,0.242717,0.0361429
45,12,0.0377659,0.0522529,0.277247,0.0222224
45,13,0.0377646,0.0522529,0.277272,0.0163232
45,14,0.0391435,0.0522529,0.250883,0.0177111
45,15,0.0390417,0.0522529,0.252833,0.0189798
45,16,0.038953,0.0522529,0.254529,0.0199285
45,17,0.0377589,0.0522529,0.277381,0.020293
45,18,0.0377572,0.0522529,0.277415,0.0264442
45,19,0.0377553,0.0522529,0.277451,0.0264699
45,20,0.0386892,0.0522529,0.259578,0.0388732
45,21,0.0377513,0.0522529,0.277527,0.0501712
45,22,0.0377492,0.0522529,0.277567,0.0255097
45,23,0.0385521,0.0522529,0.262201,0.0322386
45,24,0.038514,0.0522529,0.262931,0.0319944
45,25,0.0384789,0.0522529,0.263602,0.0335516
45,26,0.0377406,0.0522529,0.277733,0.0343794
45,27,0.0384164,0.0522529,0.264799,0.0589044
45,28,0.0383884,0.0522529,0.265335,0.0345563
45,29,0.0383623,0.0522529,0.265835,0.0433333
45,30,0.0383378,0.0522529,0.266303,0.0414015
45,31,0.0383149,0.0522529,0.266741,0.0400949
45,32,0.0382934,0.0522529,0.267153,0.0421738
45,33,0.0377256,0.0522529,0.278019,0.0424967
45,34,0.038254,0.0522529,0.267907,0.0455076
45,35,0.0377215,0.0522529,0.278098,0.0480369
45,36,0.0377195,0.0522529,0.278136,0.0535917
45,37,0.0377175,0.0522529,0.278173,0.0440004
45,38,0.0381872,0.0522529,0.269186,0.0472374
45,39,0.0381725,0.0522529,0.269467,0.0668697
45,40,0.0377118,0.0522529,0.278283,0.0500327
45,41,0.03771,0.0522529,0.278318,0.0568667
45,42,0.0377082,0.0522529,0.278353,0.0706764
45,43,0.0377064,0.0522529,0.278387,0.0615426
45,44,0.0377047,0.0522529,0.27842,0.0532736
45,45,0.0380975,0.0522529,0.270902,0.0602432
45,46,0.0377013,0.0522529,0.278485,0.0642527
45,47,0.0380766,0.0522529,0.271303,0.0602721
45,48,0.037698,0.0522529,0.278548,0.0673743
45,49,0.0376964,0.0522529,0.278578,0.0713576
45,50,0.0376948,0.0522529,0.278608,0.0752644
46,10,0.0443186,0.0595556,0.255844,0.0164843
46,11,0.0460863,0.0595556,0.226164,0.0163158
46,12,0.0442783,0.0595556,0.256521,0.0149632
46,13,0.0442603,0.0595556,0.256824,0.0148898
46,14,0.0456091,0.0595556,0.234175,0.0206585
46,15,0.0454942,0.0595556,0.236105,0.0404732
46,16,0.0453938,0.0595556,0.237792,0.0253577
46,17,0.0442025,0.0595556,0.257794,0.0324929
46,18,0.0441904,0.0595556,0.257997,0.0326426
46,19,0.044179,0.0595556,0.258189,0.023031
46,20,0.0450915,0.0595556,0.242868,0.029576
46,21,0.0441579,0.0595556,0.258543,0.0263098
46,22,0.0441481,0.0595556,0.258707,0.0327516
46,23,0.0449321,0.0595556,0.245544,0.0249564
46,24,0.0448874,0.0595556,0.246293,0.0316208
46,25,0.0448462,0.0595556,0.246986,0.0345055
46,26,0.0441131,0.0595556,0.259295,0.0305337
46,27,0.0447724,0.0595556,0.248225,0.0325942
46,28,0.0447393,0.0595556,0.248782,0.0420397
46,29,0.0447082,0.0595556,0.249302,0.0450565
46,30,0.0446792,0.0595556,0.249791,0.0365616
46,31,0.0446518,0.0595556,0.25025,0.0452195
46,32,0.0446261,0.0595556,0.250682,0.0417529
46,33,0.0440639,0.0595556,0.260122,0.0461534
46,34,0.0445788,0.0595556,0.251476,0.0513817
46,35,0.0440519,0.0595556,0.260322,0.0491639
46,36,0.0440463,0.0595556,0.260418,0.0727608
46,37,0.0440408,0.0595556,0.26051,0.0664131
46,38,0.0444981,0.0595556,0.25283,0.0452815
46,39,0.0444804,0.0595556,0.253129,0.0509194
46,40,0.0440253,0.0595556,0.26077,0.0796394
46,41,0.0440204,0.0595556,0.260851,0.0971437
46,42,0.0440157,0.0595556,0.26093,0.0710626
46,43,0.0440112,0.0595556,0.261007,0.0574097
46,44,0.0440067,0.0595556,0.261082,0.0520429
46,45,0.044389,0.0595556,0.254663,0.0574631
46,46,0.0439982,0.0595556,0.261225,0.0686052
46,47,0.0443633,0.0595556,0.255094,0.0680697
46,48,0.0439901,0.0595556,0.26136,0.0712644
46,49,0.0439863,0.0595556,0.261425,0.615567
46,50,0.0439825,0.0595556,0.261488,0.198394
47,10,0.037758,0.0522529,0.277399,0.0204491
47,11,0.0395669,0.0522529,0.242782,0.0171413
47,12,0.0377606,0.0522529,0.27735,0.0168772
47,13,0.0377609,0.0522529,0.277345,0.0182824
47,14,0.0391457,0.0522529,0.250842,0.0670166
47,15,0.0390451,0.0522529,0.252766,0.0223897
47,16,0.0389577,0.0522529,0.254439,0.0201922
47,17,0.0377617,0.0522529,0.277328,0.0210537
47,18,0.0377612,0.0522529,0.277338,0.0228354
47,19,0.0377604,0.0522529,0.277353,0.024925
47,20,0.0386979,0.0522529,0.259411,0.034661
47,21,0.0377584,0.0522529,0.277391,0.0360911
47,22,0.0377572,0.0522529,0.277414,0.0293994
47,23,0.0385632,0.0522529,0.26199,0.0338311
47,24,0.0385257,0.0522529,0.262707,0.037338
47,25,0.0384912,0.0522529,0.263367,0.0342655
47,26,0.0377516,0.0522529,0.277522,0.0470643
47,27,0.0384298,0.0522529,0.264542,0.0466909
47,28,0.0384023,0.0522529,0.265068,0.0398783
47,29,0.0383767,0.0522529,0.265559,0.0559084
47,30,0.0383527,0.0522529,0.266018,0.0502519
47,31,0.0383302,0.0522529,0.266448,0.0609619
47,32,0.0383091,0.0522529,0.266852,0.202648
47,33,0.0377403,0.0522529,0.277738,0.0481852
47,34,0.0382704,0.0522529,0.267592,0.0491046
47,35,0.037737,0.0522529,0.277802,0.0616812
47,36,0.0377353,0.0522529,0.277833,0.0478379
47,37,0.0377337,0.0522529,0.277864,0.0610887
47,38,0.0382048,0.0522529,0.268849,0.0703326
47,39,0.0381904,0.0522529,0.269124,0.0617369
47,40,0.0377289,0.0522529,0.277956,0.0480335
47,41,0.0377273,0.0522529,0.277986,0.052542
47,42,0.0377258,0.0522529,0.278016,0.0720346
47,43,0.0377242,0.0522529,0.278045,0.0582301
47,44,0.0377227,0.0522529,0.278074,0.0673718
47,45,0.0381167,0.0522529,0.270534,0.0649472
47,46,0.0377198,0.0522529,0.278131,0.0677407
47,47,0.0380961,0.0522529,0.270929,0.0655967
47,48,0.0377169,0.0522529,0.278186,0.0647352
47,49,0.0377155,0.0522529,0.278213,0.0619916
47,50,0.0377141,0.0522529,0.27824,0.0699595
48,10,0.0440216,0.0592358,0.25684,0.0144557
48,11,0.045797,0.0592358,0.226869,0.0201389
48,12,0.0439863,0.0592358,0.257437,0.0241324
48,13,0.0439691,0.0592358,0.257728,0.0246942
48,14,0.0453281,0.0592358,0.234786,0.0328077
48,15,0.0452149,0.0592358,0.236697,0.0204857
48,16,0.0451159,0.0592358,0.238367,0.314847
48,17,0.0439211,0.0592358,0.258538,0.0245414
48,18,0.0439105,0.0592358,0.258716,0.0280671
48,19,0.0439005,0.0592358,0.258885,0.0278519
48,20,0.0448185,0.0592358,0.243389,0.0366657
48,21,0.0438819,0.0592358,0.2592,0.0340685
48,22,0.0438732,0.0592358,0.259346,0.0306057
48,23,0.0446619,0.0592358,0.246033,0.043711
48,24,0.044618,0.0592358,0.246773,0.0333179
48,25,0.0445775,0.0592358,0.247457,0.0333935
48,26,0.0438419,0.0592358,0.259876,0.0342158
48,27,0.044505,0.0592358,0.24868,0.0323097
48,28,0.0444725,0.0592358,0.24923,0.0358275
48,29,0.044442,0.0592358,0.249744,0.0395675
48,30,0.0444134,0.0592358,0.250227,0.0421446
48,31,0.0443866,0.0592358,0.25068,0.0394917
48,32,0.0443613,0.0592358,0.251107,0.0403804
48,33,0.043797,0.0592358,0.260633,0.0390566
48,34,0.0443148,0.0592358,0.251891,0.0443895
48,35,0.043786,0.0592358,0.260818,0.0417357
48,36,0.0437808,0.0592358,0.260907,0.0435673
48,37,0.0437757,0.0592358,0.260993,0.0443687
48,38,0.0442355,0.0592358,0.253229,0.044648
48,39,0.0442181,0.0592358,0.253525,0.0492627
48,40,0.0437613,0.0592358,0.261236,0.0466492
48,41,0.0437567,0.0592358,0.261313,0.0485864
48,42,0.0437523,0.0592358,0.261387,0.0494145
48,43,0.043748,0.0592358,0.261459,0.0531933
48,44,0.0437439,0.0592358,0.26153,0.0510153
48,45,0.0441282,0.0592358,0.255042,0.0544176
48,46,0.0437359,0.0592358,0.261665,0.0601482
48,47,0.0441029,0.0592358,0.255469,0.0566379
48,48,0.0437282,0.0592358,0.261794,0.0614538
48,49,0.0437246,0.0592358,0.261855,0.0670387
48,50,0.043721,0.0592358,0.261916,0.0699173
49,10,0.0377454,0.0522529,0.27764,0.0125112
49,11,0.0395607,0.0522529,0.242899,0.0172379
49,12,0.0377519,0.0522529,0.277516,0.0155534
49,13,0.037755,0.0522529,0.277456,0.312789
49,14,0.0391444,0.0522529,0.250867,0.018719
49,15,0.0390449,0.0522529,0.252771,0.0220712
49,16,0.0389586,0.0522529,0.254422,0.023317
49,17,0.0377608,0.0522529,0.277346,0.0236281
49,18,0.0377614,0.0522529,0.277334,0.0838605
49,19,0.0377618,0.0522529,0.277327,0.0268986
49,20,0.0387028,0.0522529,0.259318,0.0277749
49,21,0.0377618,0.0522529,0.277327,0.0293165
49,22,0.0377615,0.0522529,0.277333,0.0288073
49,23,0.0385704,0.0522529,0.261852,0.0326623
49,24,0.0385336,0.0522529,0.262556,0.0274365
49,25,0.0384998,0.0522529,0.263204,0.0320936
49,26,0.0377589,0.0522529,0.277383,0.0403115
49,27,0.0384395,0.0522529,0.264357,0.0320098
49,28,0.0384125,0.0522529,0.264873,0.0382221
49,29,0.0383874,0.0522529,0.265355,0.0384624
49,30,0.0383639,0.0522529,0.265805,0.0376526
49,31,0.0383418,0.0522529,0.266227,0.0399991
49,32,0.0383211,0.0522529,0.266623,0.0465735
49,33,0.0377513,0.0522529,0.277528,0.0393728
49,34,0.0382832,0.0522529,0.267349,0.0448632
49,35,0.0377488,0.0522529,0.277576,0.0453074
49,36,0.0377475,0.0522529,0.2776,0.0370259
49,37,0.0377462,0.0522529,0.277624,0.0449338
49,38,0.0382188,0.0522529,0.26858,0.0462326
49,39,0.0382047,0.0522529,0.268851,0.049656
49,40,0.0377424,0.0522529,0.277698,0.422277
49,41,0.0377411,0.0522529,0.277723,0.0558324
49,42,0.0377398,0.0522529,0.277747,0.0529382
49,43,0.0377385,0.0522529,0.277771,0.0542232
49,44,0.0377373,0.0522529,0.277796,0.0518114
49,45,0.0381324,0.0522529,0.270234,0.0598031
49,46,0.0377348,0.0522529,0.277844,0.0582462
49,47,0.0381122,0.0522529,0.270621,0.0659646
49,48,0.0377323,0.0522529,0.277891,0.0751137
49,49,0.0377311,0.0522529,0.277914,0.0690892
49,50,0.0377299,0.0522529,0.277938,0.0908152
50,10,0.0437461,0.0589428,0.257821,0.0169925
50,11,0.0455307,0.0589428,0.227545,0.01599
50,12,0.0437159,0.0589428,0.258333,0.0256414
50,13,0.0437042,0.0589428,0.258532,0.0174363
50,14,0.0450698,0.0589428,0.235363,0.0192081
50,15,0.0449562,0.0589428,0.237291,0.0202041
50,16,0.0448586,0.0589428,0.238946,0.0275555
50,17,0.0436605,0.0589428,0.259273,0.0321299
50,18,0.0436515,0.0589428,0.259427,0.028787
50,19,0.0436428,0.0589428,0.259574,0.0280229
50,20,0.044566,0.0589428,0.243912,0.0311522
50,21,0.0436266,0.0589428,0.259848,0.0271067
50,22,0.043619,0.0589428,0.259977,0.0273532
50,23,0.0444121,0.0589428,0.246522,0.0287147
50,24,0.0443691,0.0589428,0.247252,0.0302672
50,25,0.0443293,0.0589428,0.247927,0.0381109
50,26,0.0435913,0.0589428,0.260447,0.0324976
50,27,0.0442582,0.0589428,0.249133,0.0324337
50,28,0.0442262,0.0589428,0.249676,0.0363837
50,29,0.0441963,0.0589428,0.250183,0.0511206
50,30,0.0441683,0.0589428,0.250659,0.0377952
50,31,0.0441419,0.0589428,0.251106,0.0547162
50,32,0.0441171,0.0589428,0.251527,0.0438366
50,33,0.0435509,0.0589428,0.261132,0.0468479
50,34,0.0440715,0.0589428,0.2523,0.0512585
50,35,0.0435409,0.0589428,0.261303,0.0573592
50,36,0.0435361,0.0589428,0.261384,0.0453444
50,37,0.0435314,0.0589428,0.261464,0.0472692
50,38,0.0439937,0.0589428,0.25362,0.046736
50,39,0.0439765,0.0589428,0.253912,0.0709984
50,40,0.0435181,0.0589428,0.261689,0.0619463
50,41,0.0435139,0.0589428,0.26176,0.0567636
50,42,0.0435098,0.0589428,0.261829,0.0574423
50,43,0.0435059,0.0589428,0.261897,0.0719939
50,44,0.043502,0.0589428,0.261963,0.0601125
50,45,0.0438882,0.0589428,0.25541,0.0713559
50,46,0.0434945,0.0589428,0.26209,0.0726003
50,47,0.0438633,0.0589428,0.255832,0.0698167
50,48,0.0434874,0.0589428,0.262211,0.0671579
50,49,0.0434839,0.0589428,0.262269,0.059286
50,50,0.0434806,0.0589428,0.262326,0.0646939
